{
  "resourceType" : "Medication",
  "id" : "Vaccine-MSDMMRVaxPro",
  "meta" : {
    "profile" : ["http://smart.who.int/immunizations-measles/StructureDefinition/SGVaccineProduct"]
  },
  "text" : {
    "status" : "extensions",
    "div" : "<div xmlns=\"http://www.w3.org/1999/xhtml\"><p class=\"res-header-id\"><b>Generated Narrative: Medication Vaccine-MSDMMRVaxPro</b></p><a name=\"Vaccine-MSDMMRVaxPro\"> </a><a name=\"hcVaccine-MSDMMRVaxPro\"> </a><a name=\"Vaccine-MSDMMRVaxPro-en-US\"> </a><p><b>SGMedicationClassification</b>: <span title=\"Codes:{http://id.who.int/icd/release/11/mms XM8L15}\">Measles, live attenuated</span></p><p><b>SGMedicationClassification</b>: <span title=\"Codes:{http://id.who.int/icd/release/11/mms XM2340}\">Mumps, live attenuated</span></p><p><b>code</b>: <span title=\"Codes:{http://smart.who.int/immunizations-measles/CodeSystem/VaccineProducts 7680007030014}\">M-M-RvaxPRO</span></p></div>"
  },
  "extension" : [{
    "url" : "http://smart.who.int/immunizations-measles/StructureDefinition/SGMedicationClassification",
    "valueCodeableConcept" : {
      "coding" : [{
        "system" : "http://id.who.int/icd/release/11/mms",
        "code" : "XM8L15"
      }]
    }
  },
  {
    "url" : "http://smart.who.int/immunizations-measles/StructureDefinition/SGMedicationClassification",
    "valueCodeableConcept" : {
      "coding" : [{
        "system" : "http://id.who.int/icd/release/11/mms",
        "code" : "XM2340"
      }]
    }
  }],
  "code" : {
    "coding" : [{
      "system" : "http://smart.who.int/immunizations-measles/CodeSystem/VaccineProducts",
      "code" : "7680007030014"
    }]
  }
}