<?xml version="1.0" encoding="UTF-8"?><ValueSet xmlns="http://hl7.org/fhir"><id value="IMMZ-D1.DE68"/><text><status value="extensions"/><div xmlns="http://www.w3.org/1999/xhtml"><ul><li>Include these codes as defined in <a href="CodeSystem-IMMZ-D1.html"><code>http://worldhealthorganization.github.io/smart-immunizations-measles/CodeSystem/IMMZ-D1</code></a><table class="none"><tr><td style="white-space:nowrap"><b>Code</b></td><td><b>Display</b></td><td><b>Definition</b></td></tr><tr><td><a href="CodeSystem-IMMZ-D1.html#IMMZ-D1-DE69">DE69</a></td><td>MenA conjugate vaccine (5µg)</td><td>Monovalent serogroup A (MenA) conjugate vaccine (5µg) vaccine</td></tr><tr><td><a href="CodeSystem-IMMZ-D1.html#IMMZ-D1-DE70">DE70</a></td><td>Monovalent MenC conjugate</td><td>Monovalent MenC conjugate vaccine</td></tr><tr><td><a href="CodeSystem-IMMZ-D1.html#IMMZ-D1-DE71">DE71</a></td><td>Quadrivalent conjugate</td><td>Quadrivalent conjugate (A,C,W135,Y-D and A,C,W135,Y-CRM) vaccines</td></tr></table></li></ul></div></text><url value="http://worldhealthorganization.github.io/smart-immunizations-measles/ValueSet/IMMZ-D1.DE68"/><version value="0.1.0"/><name value="IMMZ_D1_DE68"/><title value="IMMZ-D1.DE68 ValueSet for Type of last meningococcal dose"/><status value="active"/><experimental value="false"/><date value="2023-09-30T16:32:09+00:00"/><publisher value="WHO"/><contact><name value="WHO"/><telecom><system value="url"/><value value="http://who.int"/></telecom></contact><description value="ValueSet for Type of last meningococcal dose for IMMZ-D1.DE68."/><compose><include><system value="http://worldhealthorganization.github.io/smart-immunizations-measles/CodeSystem/IMMZ-D1"/><concept><code value="DE69"/><display value="MenA conjugate vaccine (5µg)"/></concept><concept><code value="DE70"/><display value="Monovalent MenC conjugate"/></concept><concept><code value="DE71"/><display value="Quadrivalent conjugate"/></concept></include></compose></ValueSet>