<?xml version="1.0" encoding="UTF-8"?>

<Bundle xmlns="http://hl7.org/fhir">
  <id value="c2e990e6-a0ea-4ecc-a407-adace9d8e6fd"/>
  <meta>
    <lastUpdated value="2023-10-24T07:10:36.703+00:00"/>
  </meta>
  <type value="collection"/>
  <entry>
    <fullUrl value="http://smart.who.int/ig/smart-immunizations-measles/ValueSet/IMMZ.D1.DE10"/>
    <resource>
      <ValueSet>
        <text>
          <status value="generated"/>
          <div xmlns="http://www.w3.org/1999/xhtml">
            <p>This value set contains 3 concepts</p>
            <p style="border: black 1px dotted; background-color: #EEEEEE; padding: 8px; margin-bottom: 8px">Expansion based on 
              <a href="CodeSystem-IMMZ.D1.html">codesystem IMMZ.D1 CodeSystem for Data Elements v0.1.0 (CodeSystem)</a>
            </p>
            <table class="codes">
              <tr>
                <td style="white-space:nowrap">
                  <b>Code</b>
                </td>
                <td>
                  <b>System</b>
                </td>
                <td>
                  <b>Display</b>
                </td>
                <td>
                  <b>Definition</b>
                </td>
              </tr>
              <tr>
                <td style="white-space:nowrap">
                  <a name="http---smart.who.int-ig-smart-immunizations-measles-CodeSystem-IMMZ.D1-DE11"> </a>  
                  <a href="CodeSystem-IMMZ.D1.html#IMMZ.D1-DE11">DE11</a>
                </td>
                <td>http://smart.who.int/ig/smart-immunizations-measles/CodeSystem/IMMZ.D1</td>
                <td>HIV-positive</td>
                <td>
                  <div>
                    <p>The client is known to be HIV positive</p>

                  </div>
                </td>
              </tr>
              <tr>
                <td style="white-space:nowrap">
                  <a name="http---smart.who.int-ig-smart-immunizations-measles-CodeSystem-IMMZ.D1-DE12"> </a>  
                  <a href="CodeSystem-IMMZ.D1.html#IMMZ.D1-DE12">DE12</a>
                </td>
                <td>http://smart.who.int/ig/smart-immunizations-measles/CodeSystem/IMMZ.D1</td>
                <td>HIV-negative</td>
                <td>
                  <div>
                    <p>The client is known to be HIV negative</p>

                  </div>
                </td>
              </tr>
              <tr>
                <td style="white-space:nowrap">
                  <a name="http---smart.who.int-ig-smart-immunizations-measles-CodeSystem-IMMZ.D1-DE13"> </a>  
                  <a href="CodeSystem-IMMZ.D1.html#IMMZ.D1-DE13">DE13</a>
                </td>
                <td>http://smart.who.int/ig/smart-immunizations-measles/CodeSystem/IMMZ.D1</td>
                <td>Unknown</td>
                <td>
                  <div>
                    <p>The client's HIV status is unknown</p>

                  </div>
                </td>
              </tr>
            </table>
          </div>
        </text>
        <url value="http://smart.who.int/ig/smart-immunizations-measles/ValueSet/IMMZ.D1.DE10"/>
        <version value="0.1.0"/>
        <name value="IMMZ_D1_DE10"/>
        <title value="IMMZ.D1.DE10 ValueSet for HIV Status"/>
        <status value="active"/>
        <expansion>
          <identifier value="urn:uuid:34c1665e-02b6-4f9e-ab6b-55ab9c2988b2"/>
          <timestamp value="2023-10-24T07:12:34+00:00"/>
          <total value="3"/>
          <parameter>
            <name value="excludeNested"/>
            <valueBoolean value="false"/>
          </parameter>
          <parameter>
            <name value="warning-draft"/>
            <valueUri value="http://smart.who.int/ig/smart-immunizations-measles/CodeSystem/IMMZ.D1|0.1.0"/>
          </parameter>
          <parameter>
            <name value="used-codesystem"/>
            <valueUri value="http://smart.who.int/ig/smart-immunizations-measles/CodeSystem/IMMZ.D1|0.1.0"/>
          </parameter>
          <contains>
            <system value="http://smart.who.int/ig/smart-immunizations-measles/CodeSystem/IMMZ.D1"/>
            <code value="DE11"/>
            <display value="HIV-positive"/>
          </contains>
          <contains>
            <system value="http://smart.who.int/ig/smart-immunizations-measles/CodeSystem/IMMZ.D1"/>
            <code value="DE12"/>
            <display value="HIV-negative"/>
          </contains>
          <contains>
            <system value="http://smart.who.int/ig/smart-immunizations-measles/CodeSystem/IMMZ.D1"/>
            <code value="DE13"/>
            <display value="Unknown"/>
          </contains>
        </expansion>
      </ValueSet>
    </resource>
  </entry>
  <entry>
    <fullUrl value="http://smart.who.int/ig/smart-immunizations-measles/ValueSet/IMMZ.C.DE5"/>
    <resource>
      <ValueSet>
        <text>
          <status value="generated"/>
          <div xmlns="http://www.w3.org/1999/xhtml">
            <p>This value set contains 4 concepts</p>
            <p style="border: black 1px dotted; background-color: #EEEEEE; padding: 8px; margin-bottom: 8px">Expansion based on 
              <a href="CodeSystem-IMMZ.C.html">codesystem IMMZ.C CodeSystem for Data Elements v0.1.0 (CodeSystem)</a>
            </p>
            <table class="codes">
              <tr>
                <td style="white-space:nowrap">
                  <b>Code</b>
                </td>
                <td>
                  <b>System</b>
                </td>
                <td>
                  <b>Display</b>
                </td>
                <td>
                  <b>Definition</b>
                </td>
              </tr>
              <tr>
                <td style="white-space:nowrap">
                  <a name="http---smart.who.int-ig-smart-immunizations-measles-CodeSystem-IMMZ.C-DE6"> </a>  
                  <a href="CodeSystem-IMMZ.C.html#IMMZ.C-DE6">DE6</a>
                </td>
                <td>http://smart.who.int/ig/smart-immunizations-measles/CodeSystem/IMMZ.C</td>
                <td>Male</td>
                <td>
                  <div>
                    <p>Client's biological sex is male</p>

                  </div>
                </td>
              </tr>
              <tr>
                <td style="white-space:nowrap">
                  <a name="http---smart.who.int-ig-smart-immunizations-measles-CodeSystem-IMMZ.C-DE7"> </a>  
                  <a href="CodeSystem-IMMZ.C.html#IMMZ.C-DE7">DE7</a>
                </td>
                <td>http://smart.who.int/ig/smart-immunizations-measles/CodeSystem/IMMZ.C</td>
                <td>Female</td>
                <td>
                  <div>
                    <p>Client's biological sex is female</p>

                  </div>
                </td>
              </tr>
              <tr>
                <td style="white-space:nowrap">
                  <a name="http---smart.who.int-ig-smart-immunizations-measles-CodeSystem-IMMZ.C-DE8"> </a>  
                  <a href="CodeSystem-IMMZ.C.html#IMMZ.C-DE8">DE8</a>
                </td>
                <td>http://smart.who.int/ig/smart-immunizations-measles/CodeSystem/IMMZ.C</td>
                <td>Biological sex not specified</td>
                <td>
                  <div>
                    <p>Client's biological sex is not specified</p>

                  </div>
                </td>
              </tr>
              <tr>
                <td style="white-space:nowrap">
                  <a name="http---smart.who.int-ig-smart-immunizations-measles-CodeSystem-IMMZ.C-DE9"> </a>  
                  <a href="CodeSystem-IMMZ.C.html#IMMZ.C-DE9">DE9</a>
                </td>
                <td>http://smart.who.int/ig/smart-immunizations-measles/CodeSystem/IMMZ.C</td>
                <td>Intersex</td>
                <td>
                  <div>
                    <p>Client's biological sex is intersex</p>

                  </div>
                </td>
              </tr>
            </table>
          </div>
        </text>
        <url value="http://smart.who.int/ig/smart-immunizations-measles/ValueSet/IMMZ.C.DE5"/>
        <version value="0.1.0"/>
        <name value="IMMZ_C_DE5"/>
        <title value="IMMZ.C.DE5 ValueSet for Sex"/>
        <status value="active"/>
        <experimental value="false"/>
        <expansion>
          <identifier value="urn:uuid:d02cbd0f-cbfc-4c74-9095-c66136e1ad52"/>
          <timestamp value="2023-10-24T07:12:35+00:00"/>
          <total value="4"/>
          <parameter>
            <name value="excludeNested"/>
            <valueBoolean value="false"/>
          </parameter>
          <parameter>
            <name value="warning-draft"/>
            <valueUri value="http://smart.who.int/ig/smart-immunizations-measles/CodeSystem/IMMZ.C|0.1.0"/>
          </parameter>
          <parameter>
            <name value="used-codesystem"/>
            <valueUri value="http://smart.who.int/ig/smart-immunizations-measles/CodeSystem/IMMZ.C|0.1.0"/>
          </parameter>
          <contains>
            <system value="http://smart.who.int/ig/smart-immunizations-measles/CodeSystem/IMMZ.C"/>
            <code value="DE6"/>
            <display value="Male"/>
          </contains>
          <contains>
            <system value="http://smart.who.int/ig/smart-immunizations-measles/CodeSystem/IMMZ.C"/>
            <code value="DE7"/>
            <display value="Female"/>
          </contains>
          <contains>
            <system value="http://smart.who.int/ig/smart-immunizations-measles/CodeSystem/IMMZ.C"/>
            <code value="DE8"/>
            <display value="Biological sex not specified"/>
          </contains>
          <contains>
            <system value="http://smart.who.int/ig/smart-immunizations-measles/CodeSystem/IMMZ.C"/>
            <code value="DE9"/>
            <display value="Intersex"/>
          </contains>
        </expansion>
      </ValueSet>
    </resource>
  </entry>
  <entry>
    <fullUrl value="http://smart.who.int/ig/smart-immunizations-measles/ValueSet/IMMZ.D4.DE161"/>
    <resource>
      <ValueSet>
        <text>
          <status value="generated"/>
          <div xmlns="http://www.w3.org/1999/xhtml">
            <p>This value set contains 5 concepts</p>
            <p style="border: black 1px dotted; background-color: #EEEEEE; padding: 8px; margin-bottom: 8px">Expansion based on 
              <a href="CodeSystem-IMMZ.D4.html">codesystem IMMZ.D4 CodeSystem for Check Contraindications Data Elements v0.1.0 (CodeSystem)</a>
            </p>
            <table class="codes">
              <tr>
                <td style="white-space:nowrap">
                  <b>Code</b>
                </td>
                <td>
                  <b>System</b>
                </td>
                <td>
                  <b>Display</b>
                </td>
                <td>
                  <b>Definition</b>
                </td>
              </tr>
              <tr>
                <td style="white-space:nowrap">
                  <a name="http---smart.who.int-ig-smart-immunizations-measles-CodeSystem-IMMZ.D4-DE162"> </a>  
                  <a href="CodeSystem-IMMZ.D4.html#IMMZ.D4-DE162">DE162</a>
                </td>
                <td>http://smart.who.int/ig/smart-immunizations-measles/CodeSystem/IMMZ.D4</td>
                <td>Currently pregnant</td>
                <td>
                  <div>
                    <p>The client is currently pregnant</p>

                  </div>
                </td>
              </tr>
              <tr>
                <td style="white-space:nowrap">
                  <a name="http---smart.who.int-ig-smart-immunizations-measles-CodeSystem-IMMZ.D4-DE165"> </a>  
                  <a href="CodeSystem-IMMZ.D4.html#IMMZ.D4-DE165">DE165</a>
                </td>
                <td>http://smart.who.int/ig/smart-immunizations-measles/CodeSystem/IMMZ.D4</td>
                <td>Severely immunosuppressed</td>
                <td>
                  <div>
                    <p>The client is known to be severely immunocompromised or immunosuppressed</p>

                  </div>
                </td>
              </tr>
              <tr>
                <td style="white-space:nowrap">
                  <a name="http---smart.who.int-ig-smart-immunizations-measles-CodeSystem-IMMZ.D4-DE166"> </a>  
                  <a href="CodeSystem-IMMZ.D4.html#IMMZ.D4-DE166">DE166</a>
                </td>
                <td>http://smart.who.int/ig/smart-immunizations-measles/CodeSystem/IMMZ.D4</td>
                <td>History of anaphylactic reactions</td>
                <td>
                  <div>
                    <p>The client is known to have history of anaphylaxis in the past. Anaphylaxis is a severe and potentially life-threatening allergic reaction that can occur rapidly after exposure to an allergen or vaccine component.</p>

                  </div>
                </td>
              </tr>
              <tr>
                <td style="white-space:nowrap">
                  <a name="http---smart.who.int-ig-smart-immunizations-measles-CodeSystem-IMMZ.D4-DE167"> </a>  
                  <a href="CodeSystem-IMMZ.D4.html#IMMZ.D4-DE167">DE167</a>
                </td>
                <td>http://smart.who.int/ig/smart-immunizations-measles/CodeSystem/IMMZ.D4</td>
                <td>Severe allergic reactions</td>
                <td>
                  <div>
                    <p>The client is known to have severe allergic reaction to vaccine</p>

                  </div>
                </td>
              </tr>
              <tr>
                <td style="white-space:nowrap">
                  <a name="http---smart.who.int-ig-smart-immunizations-measles-CodeSystem-IMMZ.D4-DE168"> </a>  
                  <a href="CodeSystem-IMMZ.D4.html#IMMZ.D4-DE168">DE168</a>
                </td>
                <td>http://smart.who.int/ig/smart-immunizations-measles/CodeSystem/IMMZ.D4</td>
                <td>Symptomatic HIV infection</td>
                <td>
                  <div>
                    <p>The client is experiencing HIV-related symptoms</p>

                  </div>
                </td>
              </tr>
            </table>
          </div>
        </text>
        <url value="http://smart.who.int/ig/smart-immunizations-measles/ValueSet/IMMZ.D4.DE161"/>
        <version value="0.1.0"/>
        <name value="IMMZ_D4_DE161"/>
        <title value="IMMZ.D4.DE161 ValueSet for Potential Contraindications"/>
        <status value="active"/>
        <expansion>
          <identifier value="urn:uuid:36f9af05-6ece-4bb2-8ebe-063b67629941"/>
          <timestamp value="2023-10-24T07:12:35+00:00"/>
          <total value="5"/>
          <parameter>
            <name value="excludeNested"/>
            <valueBoolean value="false"/>
          </parameter>
          <parameter>
            <name value="warning-draft"/>
            <valueUri value="http://smart.who.int/ig/smart-immunizations-measles/CodeSystem/IMMZ.D4|0.1.0"/>
          </parameter>
          <parameter>
            <name value="used-codesystem"/>
            <valueUri value="http://smart.who.int/ig/smart-immunizations-measles/CodeSystem/IMMZ.D4|0.1.0"/>
          </parameter>
          <contains>
            <system value="http://smart.who.int/ig/smart-immunizations-measles/CodeSystem/IMMZ.D4"/>
            <code value="DE162"/>
            <display value="Currently pregnant"/>
          </contains>
          <contains>
            <system value="http://smart.who.int/ig/smart-immunizations-measles/CodeSystem/IMMZ.D4"/>
            <code value="DE165"/>
            <display value="Severely immunosuppressed"/>
          </contains>
          <contains>
            <system value="http://smart.who.int/ig/smart-immunizations-measles/CodeSystem/IMMZ.D4"/>
            <code value="DE166"/>
            <display value="History of anaphylactic reactions"/>
          </contains>
          <contains>
            <system value="http://smart.who.int/ig/smart-immunizations-measles/CodeSystem/IMMZ.D4"/>
            <code value="DE167"/>
            <display value="Severe allergic reactions"/>
          </contains>
          <contains>
            <system value="http://smart.who.int/ig/smart-immunizations-measles/CodeSystem/IMMZ.D4"/>
            <code value="DE168"/>
            <display value="Symptomatic HIV infection"/>
          </contains>
        </expansion>
      </ValueSet>
    </resource>
  </entry>
  <entry>
    <fullUrl value="http://smart.who.int/ig/smart-immunizations-measles/ValueSet/ARVDrugs-values"/>
    <resource>
      <ValueSet>
        <text>
          <status value="generated"/>
          <div xmlns="http://www.w3.org/1999/xhtml">
            <p>This value set contains 2 concepts</p>
            <div style="border: black 1px dotted; background-color: #EEEEEE; padding: 8px; margin-bottom: 8px">
              <p>Expansion based on: </p>
              <ul>
                <li>SNOMED CT International edition 01-Sep 2023</li>
                <li>SNOMED CT International edition 01-Sep 2023</li>
              </ul>
            </div>
            <table class="codes">
              <tr>
                <td style="white-space:nowrap">
                  <b>Code</b>
                </td>
                <td>
                  <b>System</b>
                </td>
                <td>
                  <b>Display</b>
                </td>
              </tr>
              <tr>
                <td style="white-space:nowrap">
                  <a name="http---snomed.info-sct-713540004"> </a>  
                  <a href="http://snomed.info/id/713540004">713540004</a>
                </td>
                <td>http://snomed.info/sct</td>
                <td>Substance with antiretroviral mechanism of action (substance)</td>
              </tr>
              <tr>
                <td style="white-space:nowrap">
                  <a name="http---snomed.info-sct-788075003"> </a>  
                  <a href="http://snomed.info/id/788075003">788075003</a>
                </td>
                <td>http://snomed.info/sct</td>
                <td>Medicinal product acting as antiretroviral agent (product)</td>
              </tr>
            </table>
          </div>
        </text>
        <url value="http://smart.who.int/ig/smart-immunizations-measles/ValueSet/ARVDrugs-values"/>
        <version value="0.1.0"/>
        <name value="ARVDrugsvalues"/>
        <title value="ARV Drugs values"/>
        <status value="draft"/>
        <experimental value="false"/>
        <date value="2023-10-24T07:10:36+00:00"/>
        <immutable value="true"/>
        <expansion>
          <identifier value="urn:uuid:43fc5e8f-b85c-460a-9d64-fdbf1dd80b21"/>
          <timestamp value="2023-10-24T07:12:45+00:00"/>
          <total value="2"/>
          <parameter>
            <name value="excludeNested"/>
            <valueBoolean value="false"/>
          </parameter>
          <parameter>
            <name value="used-valueset"/>
            <valueUri value="null"/>
          </parameter>
          <parameter>
            <name value="limitedExpansion"/>
            <valueBoolean value="true"/>
          </parameter>
          <parameter>
            <name value="used-codesystem"/>
            <valueUri value="http://snomed.info/sct|http://snomed.info/sct/900000000000207008/version/20230901"/>
          </parameter>
          <parameter>
            <name value="version"/>
            <valueUri value="http://snomed.info/sct|http://snomed.info/sct/900000000000207008/version/20230901"/>
          </parameter>
          <contains>
            <system value="http://snomed.info/sct"/>
            <code value="713540004"/>
            <display value="Substance with antiretroviral mechanism of action (substance)"/>
          </contains>
          <contains>
            <system value="http://snomed.info/sct"/>
            <code value="788075003"/>
            <display value="Medicinal product acting as antiretroviral agent (product)"/>
          </contains>
        </expansion>
      </ValueSet>
    </resource>
  </entry>
  <entry>
    <fullUrl value="http://smart.who.int/ig/smart-immunizations-measles/ValueSet/AllVaccineTypes"/>
    <resource>
      <ValueSet>
        <text>
          <status value="generated"/>
          <div xmlns="http://www.w3.org/1999/xhtml">
            <p>This value set contains 10 concepts</p>
            <div style="border: black 1px dotted; background-color: #EEEEEE; padding: 8px; margin-bottom: 8px">
              <p>Expansion based on: </p>
              <ul>
                <li>
                  <a href="CodeSystem-ICD11.html">codesystem ICD-11 v0.1.0 (CodeSystem)</a>
                </li>
                <li>Loinc v2.74</li>
                <li>SNOMED CT International edition 01-Sep 2023</li>
                <li>Loinc v2.74</li>
                <li>SNOMED CT International edition 01-Sep 2023</li>
              </ul>
            </div>
            <table class="codes">
              <tr>
                <td style="white-space:nowrap">
                  <b>Code</b>
                </td>
                <td>
                  <b>System</b>
                </td>
                <td>
                  <b>Display</b>
                </td>
              </tr>
              <tr>
                <td style="white-space:nowrap">
                  <a name="http---id.who.int-icd11-mms-XM8L15"> </a>  
                  <a href="CodeSystem-ICD11.html#ICD11-XM8L15">XM8L15</a>
                </td>
                <td>http://id.who.int/icd11/mms</td>
                <td>Measles, live attenuated</td>
              </tr>
              <tr>
                <td style="white-space:nowrap">
                  <a name="http---id.who.int-icd11-mms-XM9439"> </a>  
                  <a href="CodeSystem-ICD11.html#ICD11-XM9439">XM9439</a>
                </td>
                <td>http://id.who.int/icd11/mms</td>
                <td>Measles, combinations with mumps, live attenuated</td>
              </tr>
              <tr>
                <td style="white-space:nowrap">
                  <a name="http---id.who.int-icd11-mms-XM8TF3"> </a>  
                  <a href="CodeSystem-ICD11.html#ICD11-XM8TF3">XM8TF3</a>
                </td>
                <td>http://id.who.int/icd11/mms</td>
                <td>Measles, combinations with mumps and rubella, live attenuated</td>
              </tr>
              <tr>
                <td style="white-space:nowrap">
                  <a name="http---id.who.int-icd11-mms-XM21H2"> </a>  
                  <a href="CodeSystem-ICD11.html#ICD11-XM21H2">XM21H2</a>
                </td>
                <td>http://id.who.int/icd11/mms</td>
                <td>Measles, combinations with rubella, live attenuated</td>
              </tr>
              <tr>
                <td style="white-space:nowrap">
                  <a name="http---id.who.int-icd11-mms-XM4AJ8"> </a>  
                  <a href="CodeSystem-ICD11.html#ICD11-XM4AJ8">XM4AJ8</a>
                </td>
                <td>http://id.who.int/icd11/mms</td>
                <td>Measles, combinations with mumps, rubella and varicella, live attenuated</td>
              </tr>
              <tr>
                <td style="white-space:nowrap">
                  <a name="http---id.who.int-icd11-mms-XM28X5"> </a>  
                  <a href="CodeSystem-ICD11.html#ICD11-XM28X5">XM28X5</a>
                </td>
                <td>http://id.who.int/icd11/mms</td>
                <td>Measles vaccines</td>
              </tr>
              <tr>
                <td style="white-space:nowrap">
                  <a name="http---id.who.int-icd11-mms-XM1131"> </a>  
                  <a href="CodeSystem-ICD11.html#ICD11-XM1131">XM1131</a>
                </td>
                <td>http://id.who.int/icd11/mms</td>
                <td>Mumps vaccines</td>
              </tr>
              <tr>
                <td style="white-space:nowrap">
                  <a name="http---id.who.int-icd11-mms-XM2340"> </a>  
                  <a href="CodeSystem-ICD11.html#ICD11-XM2340">XM2340</a>
                </td>
                <td>http://id.who.int/icd11/mms</td>
                <td>Mumps, live attenuated</td>
              </tr>
              <tr>
                <td style="white-space:nowrap">
                  <a name="http---loinc.org-30940-1"> </a>  
                  <a href="https://loinc.org/30940-1/">30940-1</a>
                </td>
                <td>http://loinc.org</td>
                <td>Measles virus+Mumps virus+Rubella virus dose count in combination vaccine</td>
              </tr>
              <tr>
                <td style="white-space:nowrap">
                  <a name="http---snomed.info-sct-836382004"> </a>  
                  <a href="http://snomed.info/id/836382004">836382004</a>
                </td>
                <td>http://snomed.info/sct</td>
                <td>Measles morbillivirus antigen-containing vaccine product</td>
              </tr>
            </table>
          </div>
        </text>
        <url value="http://smart.who.int/ig/smart-immunizations-measles/ValueSet/AllVaccineTypes"/>
        <version value="0.1.0"/>
        <name value="AllVaccineTypes"/>
        <title value="Vaccine Type ValueSet"/>
        <status value="active"/>
        <date value="2023-10-24T07:10:36+00:00"/>
        <expansion>
          <identifier value="urn:uuid:d1926dbd-42c5-4571-8c23-3ee615d400d5"/>
          <timestamp value="2023-10-24T07:12:45+00:00"/>
          <total value="10"/>
          <parameter>
            <name value="excludeNested"/>
            <valueBoolean value="false"/>
          </parameter>
          <parameter>
            <name value="warning-draft"/>
            <valueUri value="http://id.who.int/icd11/mms|0.1.0"/>
          </parameter>
          <parameter>
            <name value="used-codesystem"/>
            <valueUri value="http://id.who.int/icd11/mms|0.1.0"/>
          </parameter>
          <parameter>
            <name value="used-valueset"/>
            <valueUri value="null"/>
          </parameter>
          <parameter>
            <name value="limitedExpansion"/>
            <valueBoolean value="true"/>
          </parameter>
          <parameter>
            <name value="excludeNested"/>
            <valueBoolean value="true"/>
          </parameter>
          <parameter>
            <name value="used-codesystem"/>
            <valueUri value="http://loinc.org|2.74"/>
          </parameter>
          <parameter>
            <name value="version"/>
            <valueUri value="http://loinc.org|2.74"/>
          </parameter>
          <parameter>
            <name value="used-codesystem"/>
            <valueUri value="http://snomed.info/sct|http://snomed.info/sct/900000000000207008/version/20230901"/>
          </parameter>
          <parameter>
            <name value="version"/>
            <valueUri value="http://snomed.info/sct|http://snomed.info/sct/900000000000207008/version/20230901"/>
          </parameter>
          <contains>
            <system value="http://id.who.int/icd11/mms"/>
            <code value="XM8L15"/>
            <display value="Measles, live attenuated"/>
          </contains>
          <contains>
            <system value="http://id.who.int/icd11/mms"/>
            <code value="XM9439"/>
            <display value="Measles, combinations with mumps, live attenuated"/>
          </contains>
          <contains>
            <system value="http://id.who.int/icd11/mms"/>
            <code value="XM8TF3"/>
            <display value="Measles, combinations with mumps and rubella, live attenuated"/>
          </contains>
          <contains>
            <system value="http://id.who.int/icd11/mms"/>
            <code value="XM21H2"/>
            <display value="Measles, combinations with rubella, live attenuated"/>
          </contains>
          <contains>
            <system value="http://id.who.int/icd11/mms"/>
            <code value="XM4AJ8"/>
            <display value="Measles, combinations with mumps, rubella and varicella, live attenuated"/>
          </contains>
          <contains>
            <system value="http://id.who.int/icd11/mms"/>
            <code value="XM28X5"/>
            <display value="Measles vaccines"/>
          </contains>
          <contains>
            <system value="http://id.who.int/icd11/mms"/>
            <code value="XM1131"/>
            <display value="Mumps vaccines"/>
          </contains>
          <contains>
            <system value="http://id.who.int/icd11/mms"/>
            <code value="XM2340"/>
            <display value="Mumps, live attenuated"/>
          </contains>
          <contains>
            <system value="http://loinc.org"/>
            <code value="30940-1"/>
            <display value="Measles virus+Mumps virus+Rubella virus dose count in combination vaccine"/>
          </contains>
          <contains>
            <system value="http://snomed.info/sct"/>
            <code value="836382004"/>
            <display value="Measles morbillivirus antigen-containing vaccine product"/>
          </contains>
        </expansion>
      </ValueSet>
    </resource>
  </entry>
  <entry>
    <fullUrl value="http://smart.who.int/ig/smart-immunizations-measles/ValueSet/Birthweight-values"/>
    <resource>
      <ValueSet>
        <text>
          <status value="generated"/>
          <div xmlns="http://www.w3.org/1999/xhtml">
            <p>This value set contains 3 concepts</p>
            <div style="border: black 1px dotted; background-color: #EEEEEE; padding: 8px; margin-bottom: 8px">
              <p>Expansion based on: </p>
              <ul>
                <li>Loinc v2.74</li>
                <li>SNOMED CT International edition 01-Sep 2023</li>
                <li>Loinc v2.74</li>
                <li>SNOMED CT International edition 01-Sep 2023</li>
              </ul>
            </div>
            <table class="codes">
              <tr>
                <td style="white-space:nowrap">
                  <b>Code</b>
                </td>
                <td>
                  <b>System</b>
                </td>
                <td>
                  <b>Display</b>
                </td>
              </tr>
              <tr>
                <td style="white-space:nowrap">
                  <a name="http---snomed.info-sct-276610007"> </a>  
                  <a href="http://snomed.info/id/276610007">276610007</a>
                </td>
                <td>http://snomed.info/sct</td>
                <td>Birthweight</td>
              </tr>
              <tr>
                <td style="white-space:nowrap">
                  <a name="http---loinc.org-8339-4"> </a>  
                  <a href="https://loinc.org/8339-4/">8339-4</a>
                </td>
                <td>http://loinc.org</td>
                <td>Birth weight Measured</td>
              </tr>
              <tr>
                <td style="white-space:nowrap">
                  <a name="http---loinc.org-56056-5"> </a>  
                  <a href="https://loinc.org/56056-5/">56056-5</a>
                </td>
                <td>http://loinc.org</td>
                <td>Birth weight - Reported</td>
              </tr>
            </table>
          </div>
        </text>
        <url value="http://smart.who.int/ig/smart-immunizations-measles/ValueSet/Birthweight-values"/>
        <version value="0.1.0"/>
        <name value="Birthweightvalues"/>
        <title value="Birthweight valueset"/>
        <status value="draft"/>
        <experimental value="false"/>
        <date value="2023-10-24T07:10:36+00:00"/>
        <immutable value="true"/>
        <expansion>
          <identifier value="urn:uuid:9a3b12a5-880e-4455-a000-aa11575a41d9"/>
          <timestamp value="2023-10-24T07:12:45+00:00"/>
          <total value="3"/>
          <parameter>
            <name value="excludeNested"/>
            <valueBoolean value="false"/>
          </parameter>
          <parameter>
            <name value="used-valueset"/>
            <valueUri value="null"/>
          </parameter>
          <parameter>
            <name value="limitedExpansion"/>
            <valueBoolean value="true"/>
          </parameter>
          <parameter>
            <name value="used-codesystem"/>
            <valueUri value="http://snomed.info/sct|http://snomed.info/sct/900000000000207008/version/20230901"/>
          </parameter>
          <parameter>
            <name value="version"/>
            <valueUri value="http://snomed.info/sct|http://snomed.info/sct/900000000000207008/version/20230901"/>
          </parameter>
          <parameter>
            <name value="excludeNested"/>
            <valueBoolean value="true"/>
          </parameter>
          <parameter>
            <name value="used-codesystem"/>
            <valueUri value="http://loinc.org|2.74"/>
          </parameter>
          <parameter>
            <name value="version"/>
            <valueUri value="http://loinc.org|2.74"/>
          </parameter>
          <contains>
            <system value="http://snomed.info/sct"/>
            <code value="276610007"/>
            <display value="Birthweight"/>
          </contains>
          <contains>
            <system value="http://loinc.org"/>
            <code value="8339-4"/>
            <display value="Birth weight Measured"/>
          </contains>
          <contains>
            <system value="http://loinc.org"/>
            <code value="56056-5"/>
            <display value="Birth weight - Reported"/>
          </contains>
        </expansion>
      </ValueSet>
    </resource>
  </entry>
  <entry>
    <fullUrl value="http://smart.who.int/ig/smart-immunizations-measles/ValueSet/HIVstatus-values"/>
    <resource>
      <ValueSet>
        <text>
          <status value="generated"/>
          <div xmlns="http://www.w3.org/1999/xhtml">
            <p>This value set contains 3 concepts</p>
            <div style="border: black 1px dotted; background-color: #EEEEEE; padding: 8px; margin-bottom: 8px">
              <p>Expansion based on: </p>
              <ul>
                <li>
                  <a href="CodeSystem-ICD11.html">codesystem ICD-11 v0.1.0 (CodeSystem)</a>
                </li>
                <li>SNOMED CT International edition 01-Sep 2023</li>
                <li>SNOMED CT International edition 01-Sep 2023</li>
              </ul>
            </div>
            <table class="codes">
              <tr>
                <td style="white-space:nowrap">
                  <b>Code</b>
                </td>
                <td>
                  <b>System</b>
                </td>
                <td>
                  <b>Display</b>
                </td>
              </tr>
              <tr>
                <td style="white-space:nowrap">
                  <a name="http---snomed.info-sct-278977008"> </a>  
                  <a href="http://snomed.info/id/278977008">278977008</a>
                </td>
                <td>http://snomed.info/sct</td>
                <td>Human immunodeficiency virus status (observable entity)</td>
              </tr>
              <tr>
                <td style="white-space:nowrap">
                  <a name="http---id.who.int-icd11-mms-1C62.Z"> </a>  
                  <a href="CodeSystem-ICD11.html#ICD11-1C62.46Z">1C62.Z</a>
                </td>
                <td>http://id.who.int/icd11/mms</td>
                <td>Human immunodeficiency virus disease without mention of associated disease or condition, clinical stage unspecified</td>
              </tr>
              <tr>
                <td style="white-space:nowrap">
                  <a name="http---id.who.int-icd11-mms-MA14.0"> </a>  
                  <a href="CodeSystem-ICD11.html#ICD11-MA14.460">MA14.0</a>
                </td>
                <td>http://id.who.int/icd11/mms</td>
                <td>Laboratory evidence of human immunodeficiency virus</td>
              </tr>
            </table>
          </div>
        </text>
        <url value="http://smart.who.int/ig/smart-immunizations-measles/ValueSet/HIVstatus-values"/>
        <version value="0.1.0"/>
        <name value="HIVstatusvalues"/>
        <title value="HIV status values"/>
        <status value="draft"/>
        <experimental value="false"/>
        <date value="2023-10-24T07:10:36+00:00"/>
        <immutable value="true"/>
        <expansion>
          <identifier value="urn:uuid:83983f2c-c52b-41a3-8356-4c93f42c4fcd"/>
          <timestamp value="2023-10-24T07:12:46+00:00"/>
          <total value="3"/>
          <parameter>
            <name value="excludeNested"/>
            <valueBoolean value="false"/>
          </parameter>
          <parameter>
            <name value="used-valueset"/>
            <valueUri value="null"/>
          </parameter>
          <parameter>
            <name value="limitedExpansion"/>
            <valueBoolean value="true"/>
          </parameter>
          <parameter>
            <name value="used-codesystem"/>
            <valueUri value="http://snomed.info/sct|http://snomed.info/sct/900000000000207008/version/20230901"/>
          </parameter>
          <parameter>
            <name value="version"/>
            <valueUri value="http://snomed.info/sct|http://snomed.info/sct/900000000000207008/version/20230901"/>
          </parameter>
          <parameter>
            <name value="used-codesystem"/>
            <valueUri value="http://id.who.int/icd11/mms|0.1.0"/>
          </parameter>
          <contains>
            <system value="http://snomed.info/sct"/>
            <code value="278977008"/>
            <display value="Human immunodeficiency virus status (observable entity)"/>
          </contains>
          <contains>
            <system value="http://id.who.int/icd11/mms"/>
            <code value="1C62.Z"/>
            <display value="Human immunodeficiency virus disease without mention of associated disease or condition, clinical stage unspecified"/>
          </contains>
          <contains>
            <system value="http://id.who.int/icd11/mms"/>
            <code value="MA14.0"/>
            <display value="Laboratory evidence of human immunodeficiency virus"/>
          </contains>
        </expansion>
      </ValueSet>
    </resource>
  </entry>
  <entry>
    <fullUrl value="http://smart.who.int/ig/smart-immunizations-measles/ValueSet/IMMZ.C.DE5"/>
    <resource>
      <ValueSet>
        <text>
          <status value="generated"/>
          <div xmlns="http://www.w3.org/1999/xhtml">
            <p>This value set contains 4 concepts</p>
            <p style="border: black 1px dotted; background-color: #EEEEEE; padding: 8px; margin-bottom: 8px">Expansion based on 
              <a href="CodeSystem-IMMZ.C.html">codesystem IMMZ.C CodeSystem for Data Elements v0.1.0 (CodeSystem)</a>
            </p>
            <table class="codes">
              <tr>
                <td style="white-space:nowrap">
                  <b>Code</b>
                </td>
                <td>
                  <b>System</b>
                </td>
                <td>
                  <b>Display</b>
                </td>
                <td>
                  <b>Definition</b>
                </td>
              </tr>
              <tr>
                <td style="white-space:nowrap">
                  <a name="http---smart.who.int-ig-smart-immunizations-measles-CodeSystem-IMMZ.C-DE6"> </a>  
                  <a href="CodeSystem-IMMZ.C.html#IMMZ.C-DE6">DE6</a>
                </td>
                <td>http://smart.who.int/ig/smart-immunizations-measles/CodeSystem/IMMZ.C</td>
                <td>Male</td>
                <td>
                  <div>
                    <p>Client's biological sex is male</p>

                  </div>
                </td>
              </tr>
              <tr>
                <td style="white-space:nowrap">
                  <a name="http---smart.who.int-ig-smart-immunizations-measles-CodeSystem-IMMZ.C-DE7"> </a>  
                  <a href="CodeSystem-IMMZ.C.html#IMMZ.C-DE7">DE7</a>
                </td>
                <td>http://smart.who.int/ig/smart-immunizations-measles/CodeSystem/IMMZ.C</td>
                <td>Female</td>
                <td>
                  <div>
                    <p>Client's biological sex is female</p>

                  </div>
                </td>
              </tr>
              <tr>
                <td style="white-space:nowrap">
                  <a name="http---smart.who.int-ig-smart-immunizations-measles-CodeSystem-IMMZ.C-DE8"> </a>  
                  <a href="CodeSystem-IMMZ.C.html#IMMZ.C-DE8">DE8</a>
                </td>
                <td>http://smart.who.int/ig/smart-immunizations-measles/CodeSystem/IMMZ.C</td>
                <td>Biological sex not specified</td>
                <td>
                  <div>
                    <p>Client's biological sex is not specified</p>

                  </div>
                </td>
              </tr>
              <tr>
                <td style="white-space:nowrap">
                  <a name="http---smart.who.int-ig-smart-immunizations-measles-CodeSystem-IMMZ.C-DE9"> </a>  
                  <a href="CodeSystem-IMMZ.C.html#IMMZ.C-DE9">DE9</a>
                </td>
                <td>http://smart.who.int/ig/smart-immunizations-measles/CodeSystem/IMMZ.C</td>
                <td>Intersex</td>
                <td>
                  <div>
                    <p>Client's biological sex is intersex</p>

                  </div>
                </td>
              </tr>
            </table>
          </div>
        </text>
        <url value="http://smart.who.int/ig/smart-immunizations-measles/ValueSet/IMMZ.C.DE5"/>
        <version value="0.1.0"/>
        <name value="IMMZ_C_DE5"/>
        <title value="IMMZ.C.DE5 ValueSet for Sex"/>
        <status value="active"/>
        <experimental value="false"/>
        <expansion>
          <identifier value="urn:uuid:d02cbd0f-cbfc-4c74-9095-c66136e1ad52"/>
          <timestamp value="2023-10-24T07:12:35+00:00"/>
          <total value="4"/>
          <parameter>
            <name value="excludeNested"/>
            <valueBoolean value="false"/>
          </parameter>
          <parameter>
            <name value="warning-draft"/>
            <valueUri value="http://smart.who.int/ig/smart-immunizations-measles/CodeSystem/IMMZ.C|0.1.0"/>
          </parameter>
          <parameter>
            <name value="used-codesystem"/>
            <valueUri value="http://smart.who.int/ig/smart-immunizations-measles/CodeSystem/IMMZ.C|0.1.0"/>
          </parameter>
          <contains>
            <system value="http://smart.who.int/ig/smart-immunizations-measles/CodeSystem/IMMZ.C"/>
            <code value="DE6"/>
            <display value="Male"/>
          </contains>
          <contains>
            <system value="http://smart.who.int/ig/smart-immunizations-measles/CodeSystem/IMMZ.C"/>
            <code value="DE7"/>
            <display value="Female"/>
          </contains>
          <contains>
            <system value="http://smart.who.int/ig/smart-immunizations-measles/CodeSystem/IMMZ.C"/>
            <code value="DE8"/>
            <display value="Biological sex not specified"/>
          </contains>
          <contains>
            <system value="http://smart.who.int/ig/smart-immunizations-measles/CodeSystem/IMMZ.C"/>
            <code value="DE9"/>
            <display value="Intersex"/>
          </contains>
        </expansion>
      </ValueSet>
    </resource>
  </entry>
  <entry>
    <fullUrl value="http://smart.who.int/ig/smart-immunizations-measles/ValueSet/IMMZ.D1.DE10"/>
    <resource>
      <ValueSet>
        <text>
          <status value="generated"/>
          <div xmlns="http://www.w3.org/1999/xhtml">
            <p>This value set contains 3 concepts</p>
            <p style="border: black 1px dotted; background-color: #EEEEEE; padding: 8px; margin-bottom: 8px">Expansion based on 
              <a href="CodeSystem-IMMZ.D1.html">codesystem IMMZ.D1 CodeSystem for Data Elements v0.1.0 (CodeSystem)</a>
            </p>
            <table class="codes">
              <tr>
                <td style="white-space:nowrap">
                  <b>Code</b>
                </td>
                <td>
                  <b>System</b>
                </td>
                <td>
                  <b>Display</b>
                </td>
                <td>
                  <b>Definition</b>
                </td>
              </tr>
              <tr>
                <td style="white-space:nowrap">
                  <a name="http---smart.who.int-ig-smart-immunizations-measles-CodeSystem-IMMZ.D1-DE11"> </a>  
                  <a href="CodeSystem-IMMZ.D1.html#IMMZ.D1-DE11">DE11</a>
                </td>
                <td>http://smart.who.int/ig/smart-immunizations-measles/CodeSystem/IMMZ.D1</td>
                <td>HIV-positive</td>
                <td>
                  <div>
                    <p>The client is known to be HIV positive</p>

                  </div>
                </td>
              </tr>
              <tr>
                <td style="white-space:nowrap">
                  <a name="http---smart.who.int-ig-smart-immunizations-measles-CodeSystem-IMMZ.D1-DE12"> </a>  
                  <a href="CodeSystem-IMMZ.D1.html#IMMZ.D1-DE12">DE12</a>
                </td>
                <td>http://smart.who.int/ig/smart-immunizations-measles/CodeSystem/IMMZ.D1</td>
                <td>HIV-negative</td>
                <td>
                  <div>
                    <p>The client is known to be HIV negative</p>

                  </div>
                </td>
              </tr>
              <tr>
                <td style="white-space:nowrap">
                  <a name="http---smart.who.int-ig-smart-immunizations-measles-CodeSystem-IMMZ.D1-DE13"> </a>  
                  <a href="CodeSystem-IMMZ.D1.html#IMMZ.D1-DE13">DE13</a>
                </td>
                <td>http://smart.who.int/ig/smart-immunizations-measles/CodeSystem/IMMZ.D1</td>
                <td>Unknown</td>
                <td>
                  <div>
                    <p>The client's HIV status is unknown</p>

                  </div>
                </td>
              </tr>
            </table>
          </div>
        </text>
        <url value="http://smart.who.int/ig/smart-immunizations-measles/ValueSet/IMMZ.D1.DE10"/>
        <version value="0.1.0"/>
        <name value="IMMZ_D1_DE10"/>
        <title value="IMMZ.D1.DE10 ValueSet for HIV Status"/>
        <status value="active"/>
        <expansion>
          <identifier value="urn:uuid:34c1665e-02b6-4f9e-ab6b-55ab9c2988b2"/>
          <timestamp value="2023-10-24T07:12:34+00:00"/>
          <total value="3"/>
          <parameter>
            <name value="excludeNested"/>
            <valueBoolean value="false"/>
          </parameter>
          <parameter>
            <name value="warning-draft"/>
            <valueUri value="http://smart.who.int/ig/smart-immunizations-measles/CodeSystem/IMMZ.D1|0.1.0"/>
          </parameter>
          <parameter>
            <name value="used-codesystem"/>
            <valueUri value="http://smart.who.int/ig/smart-immunizations-measles/CodeSystem/IMMZ.D1|0.1.0"/>
          </parameter>
          <contains>
            <system value="http://smart.who.int/ig/smart-immunizations-measles/CodeSystem/IMMZ.D1"/>
            <code value="DE11"/>
            <display value="HIV-positive"/>
          </contains>
          <contains>
            <system value="http://smart.who.int/ig/smart-immunizations-measles/CodeSystem/IMMZ.D1"/>
            <code value="DE12"/>
            <display value="HIV-negative"/>
          </contains>
          <contains>
            <system value="http://smart.who.int/ig/smart-immunizations-measles/CodeSystem/IMMZ.D1"/>
            <code value="DE13"/>
            <display value="Unknown"/>
          </contains>
        </expansion>
      </ValueSet>
    </resource>
  </entry>
  <entry>
    <fullUrl value="http://smart.who.int/ig/smart-immunizations-measles/ValueSet/IMMZ.D4.DE161"/>
    <resource>
      <ValueSet>
        <text>
          <status value="generated"/>
          <div xmlns="http://www.w3.org/1999/xhtml">
            <p>This value set contains 5 concepts</p>
            <p style="border: black 1px dotted; background-color: #EEEEEE; padding: 8px; margin-bottom: 8px">Expansion based on 
              <a href="CodeSystem-IMMZ.D4.html">codesystem IMMZ.D4 CodeSystem for Check Contraindications Data Elements v0.1.0 (CodeSystem)</a>
            </p>
            <table class="codes">
              <tr>
                <td style="white-space:nowrap">
                  <b>Code</b>
                </td>
                <td>
                  <b>System</b>
                </td>
                <td>
                  <b>Display</b>
                </td>
                <td>
                  <b>Definition</b>
                </td>
              </tr>
              <tr>
                <td style="white-space:nowrap">
                  <a name="http---smart.who.int-ig-smart-immunizations-measles-CodeSystem-IMMZ.D4-DE162"> </a>  
                  <a href="CodeSystem-IMMZ.D4.html#IMMZ.D4-DE162">DE162</a>
                </td>
                <td>http://smart.who.int/ig/smart-immunizations-measles/CodeSystem/IMMZ.D4</td>
                <td>Currently pregnant</td>
                <td>
                  <div>
                    <p>The client is currently pregnant</p>

                  </div>
                </td>
              </tr>
              <tr>
                <td style="white-space:nowrap">
                  <a name="http---smart.who.int-ig-smart-immunizations-measles-CodeSystem-IMMZ.D4-DE165"> </a>  
                  <a href="CodeSystem-IMMZ.D4.html#IMMZ.D4-DE165">DE165</a>
                </td>
                <td>http://smart.who.int/ig/smart-immunizations-measles/CodeSystem/IMMZ.D4</td>
                <td>Severely immunosuppressed</td>
                <td>
                  <div>
                    <p>The client is known to be severely immunocompromised or immunosuppressed</p>

                  </div>
                </td>
              </tr>
              <tr>
                <td style="white-space:nowrap">
                  <a name="http---smart.who.int-ig-smart-immunizations-measles-CodeSystem-IMMZ.D4-DE166"> </a>  
                  <a href="CodeSystem-IMMZ.D4.html#IMMZ.D4-DE166">DE166</a>
                </td>
                <td>http://smart.who.int/ig/smart-immunizations-measles/CodeSystem/IMMZ.D4</td>
                <td>History of anaphylactic reactions</td>
                <td>
                  <div>
                    <p>The client is known to have history of anaphylaxis in the past. Anaphylaxis is a severe and potentially life-threatening allergic reaction that can occur rapidly after exposure to an allergen or vaccine component.</p>

                  </div>
                </td>
              </tr>
              <tr>
                <td style="white-space:nowrap">
                  <a name="http---smart.who.int-ig-smart-immunizations-measles-CodeSystem-IMMZ.D4-DE167"> </a>  
                  <a href="CodeSystem-IMMZ.D4.html#IMMZ.D4-DE167">DE167</a>
                </td>
                <td>http://smart.who.int/ig/smart-immunizations-measles/CodeSystem/IMMZ.D4</td>
                <td>Severe allergic reactions</td>
                <td>
                  <div>
                    <p>The client is known to have severe allergic reaction to vaccine</p>

                  </div>
                </td>
              </tr>
              <tr>
                <td style="white-space:nowrap">
                  <a name="http---smart.who.int-ig-smart-immunizations-measles-CodeSystem-IMMZ.D4-DE168"> </a>  
                  <a href="CodeSystem-IMMZ.D4.html#IMMZ.D4-DE168">DE168</a>
                </td>
                <td>http://smart.who.int/ig/smart-immunizations-measles/CodeSystem/IMMZ.D4</td>
                <td>Symptomatic HIV infection</td>
                <td>
                  <div>
                    <p>The client is experiencing HIV-related symptoms</p>

                  </div>
                </td>
              </tr>
            </table>
          </div>
        </text>
        <url value="http://smart.who.int/ig/smart-immunizations-measles/ValueSet/IMMZ.D4.DE161"/>
        <version value="0.1.0"/>
        <name value="IMMZ_D4_DE161"/>
        <title value="IMMZ.D4.DE161 ValueSet for Potential Contraindications"/>
        <status value="active"/>
        <expansion>
          <identifier value="urn:uuid:36f9af05-6ece-4bb2-8ebe-063b67629941"/>
          <timestamp value="2023-10-24T07:12:35+00:00"/>
          <total value="5"/>
          <parameter>
            <name value="excludeNested"/>
            <valueBoolean value="false"/>
          </parameter>
          <parameter>
            <name value="warning-draft"/>
            <valueUri value="http://smart.who.int/ig/smart-immunizations-measles/CodeSystem/IMMZ.D4|0.1.0"/>
          </parameter>
          <parameter>
            <name value="used-codesystem"/>
            <valueUri value="http://smart.who.int/ig/smart-immunizations-measles/CodeSystem/IMMZ.D4|0.1.0"/>
          </parameter>
          <contains>
            <system value="http://smart.who.int/ig/smart-immunizations-measles/CodeSystem/IMMZ.D4"/>
            <code value="DE162"/>
            <display value="Currently pregnant"/>
          </contains>
          <contains>
            <system value="http://smart.who.int/ig/smart-immunizations-measles/CodeSystem/IMMZ.D4"/>
            <code value="DE165"/>
            <display value="Severely immunosuppressed"/>
          </contains>
          <contains>
            <system value="http://smart.who.int/ig/smart-immunizations-measles/CodeSystem/IMMZ.D4"/>
            <code value="DE166"/>
            <display value="History of anaphylactic reactions"/>
          </contains>
          <contains>
            <system value="http://smart.who.int/ig/smart-immunizations-measles/CodeSystem/IMMZ.D4"/>
            <code value="DE167"/>
            <display value="Severe allergic reactions"/>
          </contains>
          <contains>
            <system value="http://smart.who.int/ig/smart-immunizations-measles/CodeSystem/IMMZ.D4"/>
            <code value="DE168"/>
            <display value="Symptomatic HIV infection"/>
          </contains>
        </expansion>
      </ValueSet>
    </resource>
  </entry>
  <entry>
    <fullUrl value="http://smart.who.int/ig/smart-immunizations-measles/ValueSet/IMMZ.Z.DE9"/>
    <resource>
      <ValueSet>
        <text>
          <status value="generated"/>
          <div xmlns="http://www.w3.org/1999/xhtml">
            <p>This value set contains 8 concepts</p>
            <div style="border: black 1px dotted; background-color: #EEEEEE; padding: 8px; margin-bottom: 8px">
              <p>Expansion based on: </p>
              <ul>
                <li>
                  <a href="CodeSystem-ICD11.html">codesystem ICD-11 v0.1.0 (CodeSystem)</a>
                </li>
                <li>Loinc v2.74</li>
                <li>SNOMED CT International edition 01-Sep 2023</li>
                <li>Loinc v2.74</li>
                <li>SNOMED CT International edition 01-Sep 2023</li>
              </ul>
            </div>
            <table class="codes">
              <tr>
                <td style="white-space:nowrap">
                  <b>Code</b>
                </td>
                <td>
                  <b>System</b>
                </td>
                <td>
                  <b>Display</b>
                </td>
              </tr>
              <tr>
                <td style="white-space:nowrap">
                  <a name="http---id.who.int-icd11-mms-XM28X5"> </a>  
                  <a href="CodeSystem-ICD11.html#ICD11-XM28X5">XM28X5</a>
                </td>
                <td>http://id.who.int/icd11/mms</td>
                <td>Measles vaccines</td>
              </tr>
              <tr>
                <td style="white-space:nowrap">
                  <a name="http---id.who.int-icd11-mms-XM8L15"> </a>  
                  <a href="CodeSystem-ICD11.html#ICD11-XM8L15">XM8L15</a>
                </td>
                <td>http://id.who.int/icd11/mms</td>
                <td>Measles, live attenuated</td>
              </tr>
              <tr>
                <td style="white-space:nowrap">
                  <a name="http---id.who.int-icd11-mms-XM8TF3"> </a>  
                  <a href="CodeSystem-ICD11.html#ICD11-XM8TF3">XM8TF3</a>
                </td>
                <td>http://id.who.int/icd11/mms</td>
                <td>Measles, combinations with mumps and rubella, live attenuated</td>
              </tr>
              <tr>
                <td style="white-space:nowrap">
                  <a name="http---id.who.int-icd11-mms-XM21H2"> </a>  
                  <a href="CodeSystem-ICD11.html#ICD11-XM21H2">XM21H2</a>
                </td>
                <td>http://id.who.int/icd11/mms</td>
                <td>Measles, combinations with rubella, live attenuated</td>
              </tr>
              <tr>
                <td style="white-space:nowrap">
                  <a name="http---id.who.int-icd11-mms-XM4AJ8"> </a>  
                  <a href="CodeSystem-ICD11.html#ICD11-XM4AJ8">XM4AJ8</a>
                </td>
                <td>http://id.who.int/icd11/mms</td>
                <td>Measles, combinations with mumps, rubella and varicella, live attenuated</td>
              </tr>
              <tr>
                <td style="white-space:nowrap">
                  <a name="http---id.who.int-icd11-mms-XM9439"> </a>  
                  <a href="CodeSystem-ICD11.html#ICD11-XM9439">XM9439</a>
                </td>
                <td>http://id.who.int/icd11/mms</td>
                <td>Measles, combinations with mumps, live attenuated</td>
              </tr>
              <tr>
                <td style="white-space:nowrap">
                  <a name="http---loinc.org-30940-1"> </a>  
                  <a href="https://loinc.org/30940-1/">30940-1</a>
                </td>
                <td>http://loinc.org</td>
                <td>Measles virus+Mumps virus+Rubella virus dose count in combination vaccine</td>
              </tr>
              <tr>
                <td style="white-space:nowrap">
                  <a name="http---snomed.info-sct-836382004"> </a>  
                  <a href="http://snomed.info/id/836382004">836382004</a>
                </td>
                <td>http://snomed.info/sct</td>
                <td>Measles morbillivirus antigen-containing vaccine product</td>
              </tr>
            </table>
          </div>
        </text>
        <url value="http://smart.who.int/ig/smart-immunizations-measles/ValueSet/IMMZ.Z.DE9"/>
        <version value="0.1.0"/>
        <name value="IMMZ_Z_DE9"/>
        <title value="IMMZ.Z.DE10 ValueSet for Measles Vaccines"/>
        <status value="active"/>
        <date value="2023-10-24T07:10:36+00:00"/>
        <expansion>
          <identifier value="urn:uuid:1a04c4ac-8fa3-48af-a8fd-32e03bc32c26"/>
          <timestamp value="2023-10-24T07:12:47+00:00"/>
          <total value="8"/>
          <parameter>
            <name value="excludeNested"/>
            <valueBoolean value="false"/>
          </parameter>
          <parameter>
            <name value="warning-draft"/>
            <valueUri value="http://id.who.int/icd11/mms|0.1.0"/>
          </parameter>
          <parameter>
            <name value="used-codesystem"/>
            <valueUri value="http://id.who.int/icd11/mms|0.1.0"/>
          </parameter>
          <parameter>
            <name value="used-valueset"/>
            <valueUri value="null"/>
          </parameter>
          <parameter>
            <name value="limitedExpansion"/>
            <valueBoolean value="true"/>
          </parameter>
          <parameter>
            <name value="excludeNested"/>
            <valueBoolean value="true"/>
          </parameter>
          <parameter>
            <name value="used-codesystem"/>
            <valueUri value="http://loinc.org|2.74"/>
          </parameter>
          <parameter>
            <name value="version"/>
            <valueUri value="http://loinc.org|2.74"/>
          </parameter>
          <parameter>
            <name value="used-codesystem"/>
            <valueUri value="http://snomed.info/sct|http://snomed.info/sct/900000000000207008/version/20230901"/>
          </parameter>
          <parameter>
            <name value="version"/>
            <valueUri value="http://snomed.info/sct|http://snomed.info/sct/900000000000207008/version/20230901"/>
          </parameter>
          <contains>
            <system value="http://id.who.int/icd11/mms"/>
            <code value="XM28X5"/>
            <display value="Measles vaccines"/>
          </contains>
          <contains>
            <system value="http://id.who.int/icd11/mms"/>
            <code value="XM8L15"/>
            <display value="Measles, live attenuated"/>
          </contains>
          <contains>
            <system value="http://id.who.int/icd11/mms"/>
            <code value="XM8TF3"/>
            <display value="Measles, combinations with mumps and rubella, live attenuated"/>
          </contains>
          <contains>
            <system value="http://id.who.int/icd11/mms"/>
            <code value="XM21H2"/>
            <display value="Measles, combinations with rubella, live attenuated"/>
          </contains>
          <contains>
            <system value="http://id.who.int/icd11/mms"/>
            <code value="XM4AJ8"/>
            <display value="Measles, combinations with mumps, rubella and varicella, live attenuated"/>
          </contains>
          <contains>
            <system value="http://id.who.int/icd11/mms"/>
            <code value="XM9439"/>
            <display value="Measles, combinations with mumps, live attenuated"/>
          </contains>
          <contains>
            <system value="http://loinc.org"/>
            <code value="30940-1"/>
            <display value="Measles virus+Mumps virus+Rubella virus dose count in combination vaccine"/>
          </contains>
          <contains>
            <system value="http://snomed.info/sct"/>
            <code value="836382004"/>
            <display value="Measles morbillivirus antigen-containing vaccine product"/>
          </contains>
        </expansion>
      </ValueSet>
    </resource>
  </entry>
  <entry>
    <fullUrl value="http://smart.who.int/ig/smart-immunizations-measles/ValueSet/Immunocompromised-values"/>
    <resource>
      <ValueSet>
        <text>
          <status value="generated"/>
          <div xmlns="http://www.w3.org/1999/xhtml">
            <p>This value set contains 2 concepts</p>
            <div style="border: black 1px dotted; background-color: #EEEEEE; padding: 8px; margin-bottom: 8px">
              <p>Expansion based on: </p>
              <ul>
                <li>SNOMED CT International edition 01-Sep 2023</li>
                <li>SNOMED CT International edition 01-Sep 2023</li>
              </ul>
            </div>
            <table class="codes">
              <tr>
                <td style="white-space:nowrap">
                  <b>Code</b>
                </td>
                <td>
                  <b>System</b>
                </td>
                <td>
                  <b>Display</b>
                </td>
              </tr>
              <tr>
                <td style="white-space:nowrap">
                  <a name="http---snomed.info-sct-370388006"> </a>  
                  <a href="http://snomed.info/id/370388006">370388006</a>
                </td>
                <td>http://snomed.info/sct</td>
                <td>Patient immunocompromised</td>
              </tr>
              <tr>
                <td style="white-space:nowrap">
                  <a name="http---snomed.info-sct-370391006"> </a>  
                  <a href="http://snomed.info/id/370391006">370391006</a>
                </td>
                <td>http://snomed.info/sct</td>
                <td>Patient immunosuppressed</td>
              </tr>
            </table>
          </div>
        </text>
        <url value="http://smart.who.int/ig/smart-immunizations-measles/ValueSet/Immunocompromised-values"/>
        <version value="0.1.0"/>
        <name value="Immunocompromisedvalues"/>
        <title value="Immunocompromised valueset"/>
        <status value="draft"/>
        <experimental value="false"/>
        <date value="2023-10-24T07:10:36+00:00"/>
        <immutable value="true"/>
        <expansion>
          <identifier value="urn:uuid:45042e66-3d85-45ff-b41b-533271dacd6b"/>
          <timestamp value="2023-10-24T07:12:47+00:00"/>
          <total value="2"/>
          <parameter>
            <name value="excludeNested"/>
            <valueBoolean value="false"/>
          </parameter>
          <parameter>
            <name value="used-valueset"/>
            <valueUri value="null"/>
          </parameter>
          <parameter>
            <name value="limitedExpansion"/>
            <valueBoolean value="true"/>
          </parameter>
          <parameter>
            <name value="used-codesystem"/>
            <valueUri value="http://snomed.info/sct|http://snomed.info/sct/900000000000207008/version/20230901"/>
          </parameter>
          <parameter>
            <name value="version"/>
            <valueUri value="http://snomed.info/sct|http://snomed.info/sct/900000000000207008/version/20230901"/>
          </parameter>
          <contains>
            <system value="http://snomed.info/sct"/>
            <code value="370388006"/>
            <display value="Patient immunocompromised"/>
          </contains>
          <contains>
            <system value="http://snomed.info/sct"/>
            <code value="370391006"/>
            <display value="Patient immunosuppressed"/>
          </contains>
        </expansion>
      </ValueSet>
    </resource>
  </entry>
  <entry>
    <fullUrl value="http://smart.who.int/ig/smart-immunizations-measles/ValueSet/LiveAttenuatedVaccines"/>
    <resource>
      <ValueSet>
        <text>
          <status value="generated"/>
          <div xmlns="http://www.w3.org/1999/xhtml">
            <p>This value set contains 20 concepts</p>
            <p style="border: black 1px dotted; background-color: #EEEEEE; padding: 8px; margin-bottom: 8px">Expansion based on 
              <a href="CodeSystem-ICD11.html">codesystem ICD-11 v0.1.0 (CodeSystem)</a>
            </p>
            <table class="codes">
              <tr>
                <td style="white-space:nowrap">
                  <b>Code</b>
                </td>
                <td>
                  <b>System</b>
                </td>
                <td>
                  <b>Display</b>
                </td>
              </tr>
              <tr>
                <td style="white-space:nowrap">
                  <a name="http---id.who.int-icd11-mms-XM8142"> </a>  
                  <a href="CodeSystem-ICD11.html#ICD11-XM8142">XM8142</a>
                </td>
                <td>http://id.who.int/icd11/mms</td>
                <td>Tuberculosis, live attenuated vaccines</td>
              </tr>
              <tr>
                <td style="white-space:nowrap">
                  <a name="http---id.who.int-icd11-mms-XM72A0"> </a>  
                  <a href="CodeSystem-ICD11.html#ICD11-XM72A0">XM72A0</a>
                </td>
                <td>http://id.who.int/icd11/mms</td>
                <td>Cholera, live attenuated vaccines</td>
              </tr>
              <tr>
                <td style="white-space:nowrap">
                  <a name="http---id.who.int-icd11-mms-XM47S0"> </a>  
                  <a href="CodeSystem-ICD11.html#ICD11-XM47S0">XM47S0</a>
                </td>
                <td>http://id.who.int/icd11/mms</td>
                <td>Encephalitis, Japanese, live attenuated</td>
              </tr>
              <tr>
                <td style="white-space:nowrap">
                  <a name="http---id.who.int-icd11-mms-XM8L15"> </a>  
                  <a href="CodeSystem-ICD11.html#ICD11-XM8L15">XM8L15</a>
                </td>
                <td>http://id.who.int/icd11/mms</td>
                <td>Measles, live attenuated</td>
              </tr>
              <tr>
                <td style="white-space:nowrap">
                  <a name="http---id.who.int-icd11-mms-XM8TF3"> </a>  
                  <a href="CodeSystem-ICD11.html#ICD11-XM8TF3">XM8TF3</a>
                </td>
                <td>http://id.who.int/icd11/mms</td>
                <td>Measles, combinations with mumps and rubella, live attenuated</td>
              </tr>
              <tr>
                <td style="white-space:nowrap">
                  <a name="http---id.who.int-icd11-mms-XM21H2"> </a>  
                  <a href="CodeSystem-ICD11.html#ICD11-XM21H2">XM21H2</a>
                </td>
                <td>http://id.who.int/icd11/mms</td>
                <td>Measles, combinations with rubella, live attenuated</td>
              </tr>
              <tr>
                <td style="white-space:nowrap">
                  <a name="http---id.who.int-icd11-mms-XM4AJ8"> </a>  
                  <a href="CodeSystem-ICD11.html#ICD11-XM4AJ8">XM4AJ8</a>
                </td>
                <td>http://id.who.int/icd11/mms</td>
                <td>Measles, combinations with mumps, rubella and varicella, live attenuated</td>
              </tr>
              <tr>
                <td style="white-space:nowrap">
                  <a name="http---id.who.int-icd11-mms-XM9439"> </a>  
                  <a href="CodeSystem-ICD11.html#ICD11-XM9439">XM9439</a>
                </td>
                <td>http://id.who.int/icd11/mms</td>
                <td>Measles, combinations with mumps, live attenuated</td>
              </tr>
              <tr>
                <td style="white-space:nowrap">
                  <a name="http---id.who.int-icd11-mms-XM2340"> </a>  
                  <a href="CodeSystem-ICD11.html#ICD11-XM2340">XM2340</a>
                </td>
                <td>http://id.who.int/icd11/mms</td>
                <td>Mumps, live attenuated</td>
              </tr>
              <tr>
                <td style="white-space:nowrap">
                  <a name="http---id.who.int-icd11-mms-XM79H3"> </a>  
                  <a href="CodeSystem-ICD11.html#ICD11-XM79H3">XM79H3</a>
                </td>
                <td>http://id.who.int/icd11/mms</td>
                <td>Poliomyelitis oral, bivalent, live attenuated</td>
              </tr>
              <tr>
                <td style="white-space:nowrap">
                  <a name="http---id.who.int-icd11-mms-XM0VX8"> </a>  
                  <a href="CodeSystem-ICD11.html#ICD11-XM0VX8">XM0VX8</a>
                </td>
                <td>http://id.who.int/icd11/mms</td>
                <td>Poliomyelitis oral, monovalent live attenuated</td>
              </tr>
              <tr>
                <td style="white-space:nowrap">
                  <a name="http---id.who.int-icd11-mms-XM0KZ1"> </a>  
                  <a href="CodeSystem-ICD11.html#ICD11-XM0KZ1">XM0KZ1</a>
                </td>
                <td>http://id.who.int/icd11/mms</td>
                <td>Poliomyelitis oral, trivalent, live attenuated</td>
              </tr>
              <tr>
                <td style="white-space:nowrap">
                  <a name="http---id.who.int-icd11-mms-XM4GV0"> </a>  
                  <a href="CodeSystem-ICD11.html#ICD11-XM4GV0">XM4GV0</a>
                </td>
                <td>http://id.who.int/icd11/mms</td>
                <td>Rota virus, live attenuated</td>
              </tr>
              <tr>
                <td style="white-space:nowrap">
                  <a name="http---id.who.int-icd11-mms-XM9PS9"> </a>  
                  <a href="CodeSystem-ICD11.html#ICD11-XM9PS9">XM9PS9</a>
                </td>
                <td>http://id.who.int/icd11/mms</td>
                <td>Rubella, live attenuated</td>
              </tr>
              <tr>
                <td style="white-space:nowrap">
                  <a name="http---id.who.int-icd11-mms-XM3B09"> </a>  
                  <a href="CodeSystem-ICD11.html#ICD11-XM3B09">XM3B09</a>
                </td>
                <td>http://id.who.int/icd11/mms</td>
                <td>Rubella, combinations with mumps, live attenuated</td>
              </tr>
              <tr>
                <td style="white-space:nowrap">
                  <a name="http---id.who.int-icd11-mms-XM5V64"> </a>  
                  <a href="CodeSystem-ICD11.html#ICD11-XM5V64">XM5V64</a>
                </td>
                <td>http://id.who.int/icd11/mms</td>
                <td>Influenza vaccines, live attenuated</td>
              </tr>
              <tr>
                <td style="white-space:nowrap">
                  <a name="http---id.who.int-icd11-mms-XM33K4"> </a>  
                  <a href="CodeSystem-ICD11.html#ICD11-XM33K4">XM33K4</a>
                </td>
                <td>http://id.who.int/icd11/mms</td>
                <td>Typhoid, oral, live attenuated vaccines</td>
              </tr>
              <tr>
                <td style="white-space:nowrap">
                  <a name="http---id.who.int-icd11-mms-XM0NS8"> </a>  
                  <a href="CodeSystem-ICD11.html#ICD11-XM0NS8">XM0NS8</a>
                </td>
                <td>http://id.who.int/icd11/mms</td>
                <td>Varicella, live attenuated</td>
              </tr>
              <tr>
                <td style="white-space:nowrap">
                  <a name="http---id.who.int-icd11-mms-XM3418"> </a>  
                  <a href="CodeSystem-ICD11.html#ICD11-XM3418">XM3418</a>
                </td>
                <td>http://id.who.int/icd11/mms</td>
                <td>Yellow Fever, live attenuated</td>
              </tr>
              <tr>
                <td style="white-space:nowrap">
                  <a name="http---id.who.int-icd11-mms-XM5DF6"> </a>  
                  <a href="CodeSystem-ICD11.html#ICD11-XM5DF6">XM5DF6</a>
                </td>
                <td>http://id.who.int/icd11/mms</td>
                <td>COVID-19 vaccines, live attenuated virus</td>
              </tr>
            </table>
          </div>
        </text>
        <url value="http://smart.who.int/ig/smart-immunizations-measles/ValueSet/LiveAttenuatedVaccines"/>
        <version value="0.1.0"/>
        <name value="LiveAttenuatedVaccines"/>
        <title value="Set of live attenuated vaccines"/>
        <status value="draft"/>
        <experimental value="false"/>
        <date value="2023-10-24T07:10:36+00:00"/>
        <immutable value="true"/>
        <expansion>
          <identifier value="urn:uuid:53896915-3c40-4e8c-a496-74fa23cfbbe5"/>
          <timestamp value="2023-10-24T07:12:47+00:00"/>
          <total value="20"/>
          <parameter>
            <name value="excludeNested"/>
            <valueBoolean value="false"/>
          </parameter>
          <parameter>
            <name value="used-codesystem"/>
            <valueUri value="http://id.who.int/icd11/mms|0.1.0"/>
          </parameter>
          <contains>
            <system value="http://id.who.int/icd11/mms"/>
            <code value="XM8142"/>
            <display value="Tuberculosis, live attenuated vaccines"/>
          </contains>
          <contains>
            <system value="http://id.who.int/icd11/mms"/>
            <code value="XM72A0"/>
            <display value="Cholera, live attenuated vaccines"/>
          </contains>
          <contains>
            <system value="http://id.who.int/icd11/mms"/>
            <code value="XM47S0"/>
            <display value="Encephalitis, Japanese, live attenuated"/>
          </contains>
          <contains>
            <system value="http://id.who.int/icd11/mms"/>
            <code value="XM8L15"/>
            <display value="Measles, live attenuated"/>
          </contains>
          <contains>
            <system value="http://id.who.int/icd11/mms"/>
            <code value="XM8TF3"/>
            <display value="Measles, combinations with mumps and rubella, live attenuated"/>
          </contains>
          <contains>
            <system value="http://id.who.int/icd11/mms"/>
            <code value="XM21H2"/>
            <display value="Measles, combinations with rubella, live attenuated"/>
          </contains>
          <contains>
            <system value="http://id.who.int/icd11/mms"/>
            <code value="XM4AJ8"/>
            <display value="Measles, combinations with mumps, rubella and varicella, live attenuated"/>
          </contains>
          <contains>
            <system value="http://id.who.int/icd11/mms"/>
            <code value="XM9439"/>
            <display value="Measles, combinations with mumps, live attenuated"/>
          </contains>
          <contains>
            <system value="http://id.who.int/icd11/mms"/>
            <code value="XM2340"/>
            <display value="Mumps, live attenuated"/>
          </contains>
          <contains>
            <system value="http://id.who.int/icd11/mms"/>
            <code value="XM79H3"/>
            <display value="Poliomyelitis oral, bivalent, live attenuated"/>
          </contains>
          <contains>
            <system value="http://id.who.int/icd11/mms"/>
            <code value="XM0VX8"/>
            <display value="Poliomyelitis oral, monovalent live attenuated"/>
          </contains>
          <contains>
            <system value="http://id.who.int/icd11/mms"/>
            <code value="XM0KZ1"/>
            <display value="Poliomyelitis oral, trivalent, live attenuated"/>
          </contains>
          <contains>
            <system value="http://id.who.int/icd11/mms"/>
            <code value="XM4GV0"/>
            <display value="Rota virus, live attenuated"/>
          </contains>
          <contains>
            <system value="http://id.who.int/icd11/mms"/>
            <code value="XM9PS9"/>
            <display value="Rubella, live attenuated"/>
          </contains>
          <contains>
            <system value="http://id.who.int/icd11/mms"/>
            <code value="XM3B09"/>
            <display value="Rubella, combinations with mumps, live attenuated"/>
          </contains>
          <contains>
            <system value="http://id.who.int/icd11/mms"/>
            <code value="XM5V64"/>
            <display value="Influenza vaccines, live attenuated"/>
          </contains>
          <contains>
            <system value="http://id.who.int/icd11/mms"/>
            <code value="XM33K4"/>
            <display value="Typhoid, oral, live attenuated vaccines"/>
          </contains>
          <contains>
            <system value="http://id.who.int/icd11/mms"/>
            <code value="XM0NS8"/>
            <display value="Varicella, live attenuated"/>
          </contains>
          <contains>
            <system value="http://id.who.int/icd11/mms"/>
            <code value="XM3418"/>
            <display value="Yellow Fever, live attenuated"/>
          </contains>
          <contains>
            <system value="http://id.who.int/icd11/mms"/>
            <code value="XM5DF6"/>
            <display value="COVID-19 vaccines, live attenuated virus"/>
          </contains>
        </expansion>
      </ValueSet>
    </resource>
  </entry>
  <entry>
    <fullUrl value="http://smart.who.int/ig/smart-immunizations-measles/ValueSet/Negativetestresult-values"/>
    <resource>
      <ValueSet>
        <text>
          <status value="generated"/>
          <div xmlns="http://www.w3.org/1999/xhtml">
            <p>This value set contains 1 concepts</p>
            <div style="border: black 1px dotted; background-color: #EEEEEE; padding: 8px; margin-bottom: 8px">
              <p>Expansion based on: </p>
              <ul>
                <li>SNOMED CT International edition 01-Sep 2023</li>
                <li>SNOMED CT International edition 01-Sep 2023</li>
              </ul>
            </div>
            <table class="codes">
              <tr>
                <td style="white-space:nowrap">
                  <b>Code</b>
                </td>
                <td>
                  <b>System</b>
                </td>
                <td>
                  <b>Display</b>
                </td>
              </tr>
              <tr>
                <td style="white-space:nowrap">
                  <a name="http---snomed.info-sct-260385009"> </a>  
                  <a href="http://snomed.info/id/260385009">260385009</a>
                </td>
                <td>http://snomed.info/sct</td>
                <td>Negative (qualifier value)</td>
              </tr>
            </table>
          </div>
        </text>
        <url value="http://smart.who.int/ig/smart-immunizations-measles/ValueSet/Negativetestresult-values"/>
        <version value="0.1.0"/>
        <name value="Negativetestresultvalues"/>
        <title value="Negative Test Results"/>
        <status value="draft"/>
        <experimental value="false"/>
        <date value="2023-10-24T07:10:36+00:00"/>
        <immutable value="true"/>
        <expansion>
          <identifier value="urn:uuid:c5835f5e-1099-4f39-b6b3-903196018518"/>
          <timestamp value="2023-10-24T07:12:48+00:00"/>
          <total value="1"/>
          <parameter>
            <name value="excludeNested"/>
            <valueBoolean value="false"/>
          </parameter>
          <parameter>
            <name value="used-valueset"/>
            <valueUri value="null"/>
          </parameter>
          <parameter>
            <name value="limitedExpansion"/>
            <valueBoolean value="true"/>
          </parameter>
          <parameter>
            <name value="used-codesystem"/>
            <valueUri value="http://snomed.info/sct|http://snomed.info/sct/900000000000207008/version/20230901"/>
          </parameter>
          <parameter>
            <name value="version"/>
            <valueUri value="http://snomed.info/sct|http://snomed.info/sct/900000000000207008/version/20230901"/>
          </parameter>
          <contains>
            <system value="http://snomed.info/sct"/>
            <code value="260385009"/>
            <display value="Negative (qualifier value)"/>
          </contains>
        </expansion>
      </ValueSet>
    </resource>
  </entry>
  <entry>
    <fullUrl value="http://smart.who.int/ig/smart-immunizations-measles/ValueSet/PositiveTestResult-values"/>
    <resource>
      <ValueSet>
        <text>
          <status value="generated"/>
          <div xmlns="http://www.w3.org/1999/xhtml">
            <p>This value set contains 1 concepts</p>
            <div style="border: black 1px dotted; background-color: #EEEEEE; padding: 8px; margin-bottom: 8px">
              <p>Expansion based on: </p>
              <ul>
                <li>SNOMED CT International edition 01-Sep 2023</li>
                <li>SNOMED CT International edition 01-Sep 2023</li>
              </ul>
            </div>
            <table class="codes">
              <tr>
                <td style="white-space:nowrap">
                  <b>Code</b>
                </td>
                <td>
                  <b>System</b>
                </td>
                <td>
                  <b>Display</b>
                </td>
              </tr>
              <tr>
                <td style="white-space:nowrap">
                  <a name="http---snomed.info-sct-10828004"> </a>  
                  <a href="http://snomed.info/id/10828004">10828004</a>
                </td>
                <td>http://snomed.info/sct</td>
                <td>Positive (qualifier value)</td>
              </tr>
            </table>
          </div>
        </text>
        <url value="http://smart.who.int/ig/smart-immunizations-measles/ValueSet/PositiveTestResult-values"/>
        <version value="0.1.0"/>
        <name value="PositiveTestResultvalues"/>
        <title value="Positive Test Result valuest"/>
        <status value="draft"/>
        <experimental value="false"/>
        <date value="2023-10-24T07:10:36+00:00"/>
        <immutable value="true"/>
        <expansion>
          <identifier value="urn:uuid:22ac24d0-dc40-476e-ad68-4e81535b8f6f"/>
          <timestamp value="2023-10-24T07:12:48+00:00"/>
          <total value="1"/>
          <parameter>
            <name value="excludeNested"/>
            <valueBoolean value="false"/>
          </parameter>
          <parameter>
            <name value="used-valueset"/>
            <valueUri value="null"/>
          </parameter>
          <parameter>
            <name value="limitedExpansion"/>
            <valueBoolean value="true"/>
          </parameter>
          <parameter>
            <name value="used-codesystem"/>
            <valueUri value="http://snomed.info/sct|http://snomed.info/sct/900000000000207008/version/20230901"/>
          </parameter>
          <parameter>
            <name value="version"/>
            <valueUri value="http://snomed.info/sct|http://snomed.info/sct/900000000000207008/version/20230901"/>
          </parameter>
          <contains>
            <system value="http://snomed.info/sct"/>
            <code value="10828004"/>
            <display value="Positive (qualifier value)"/>
          </contains>
        </expansion>
      </ValueSet>
    </resource>
  </entry>
  <entry>
    <fullUrl value="http://smart.who.int/ig/smart-immunizations-measles/ValueSet/VSMeaslesVaccineProducts"/>
    <resource>
      <ValueSet>
        <text>
          <status value="generated"/>
          <div xmlns="http://www.w3.org/1999/xhtml">
            <p>This value set contains 2 concepts</p>
            <p style="border: black 1px dotted; background-color: #EEEEEE; padding: 8px; margin-bottom: 8px">Expansion based on 
              <a href="CodeSystem-VaccineProducts.html">codesystem Vaccine Product codes CodeSet v0.1.0 (CodeSystem)</a>
            </p>
            <table class="codes">
              <tr>
                <td style="white-space:nowrap">
                  <b>Code</b>
                </td>
                <td>
                  <b>System</b>
                </td>
                <td>
                  <b>Display</b>
                </td>
              </tr>
              <tr>
                <td style="white-space:nowrap">
                  <a name="http---smart.who.int-ig-smart-immunizations-measles-CodeSystem-VaccineProducts-20009060-2"> </a>  
                  <a href="CodeSystem-VaccineProducts.html#VaccineProducts-20009060.472">20009060/2</a>
                </td>
                <td>http://smart.who.int/ig/smart-immunizations-measles/CodeSystem/VaccineProducts</td>
                <td>Serum Institute of India Measles vaccine</td>
              </tr>
              <tr>
                <td style="white-space:nowrap">
                  <a name="http---smart.who.int-ig-smart-immunizations-measles-CodeSystem-VaccineProducts-7680007030014"> </a>  
                  <a href="CodeSystem-VaccineProducts.html#VaccineProducts-7680007030014">7680007030014</a>
                </td>
                <td>http://smart.who.int/ig/smart-immunizations-measles/CodeSystem/VaccineProducts</td>
                <td>M-M-RvaxPRO</td>
              </tr>
            </table>
          </div>
        </text>
        <url value="http://smart.who.int/ig/smart-immunizations-measles/ValueSet/VSMeaslesVaccineProducts"/>
        <version value="0.1.0"/>
        <name value="VSMeaslesVaccineProducts"/>
        <title value="MeaslesVaccine Products ValueSet"/>
        <status value="draft"/>
        <date value="2023-10-24T07:10:36+00:00"/>
        <expansion>
          <identifier value="urn:uuid:518052d1-ca45-4d2b-9a4e-fde82b9aab76"/>
          <timestamp value="2023-10-24T07:12:48+00:00"/>
          <total value="2"/>
          <parameter>
            <name value="excludeNested"/>
            <valueBoolean value="false"/>
          </parameter>
          <parameter>
            <name value="used-codesystem"/>
            <valueUri value="http://smart.who.int/ig/smart-immunizations-measles/CodeSystem/VaccineProducts|0.1.0"/>
          </parameter>
          <contains>
            <system value="http://smart.who.int/ig/smart-immunizations-measles/CodeSystem/VaccineProducts"/>
            <code value="20009060/2"/>
            <display value="Serum Institute of India Measles vaccine"/>
          </contains>
          <contains>
            <system value="http://smart.who.int/ig/smart-immunizations-measles/CodeSystem/VaccineProducts"/>
            <code value="7680007030014"/>
            <display value="M-M-RvaxPRO"/>
          </contains>
        </expansion>
      </ValueSet>
    </resource>
  </entry>
  <entry>
    <fullUrl value="http://smart.who.int/ig/smart-immunizations-measles/ValueSet/VaccineTypes"/>
    <resource>
      <ValueSet>
        <text>
          <status value="generated"/>
          <div xmlns="http://www.w3.org/1999/xhtml">
            <p>This value set contains 8 concepts</p>
            <div style="border: black 1px dotted; background-color: #EEEEEE; padding: 8px; margin-bottom: 8px">
              <p>Expansion based on: </p>
              <ul>
                <li>
                  <a href="CodeSystem-ICD11.html">codesystem ICD-11 v0.1.0 (CodeSystem)</a>
                </li>
                <li>Loinc v2.74</li>
                <li>SNOMED CT International edition 01-Sep 2023</li>
                <li>Loinc v2.74</li>
                <li>SNOMED CT International edition 01-Sep 2023</li>
              </ul>
            </div>
            <table class="codes">
              <tr>
                <td style="white-space:nowrap">
                  <b>Code</b>
                </td>
                <td>
                  <b>System</b>
                </td>
                <td>
                  <b>Display</b>
                </td>
              </tr>
              <tr>
                <td style="white-space:nowrap">
                  <a name="http---id.who.int-icd11-mms-XM8L15"> </a>  
                  <a href="CodeSystem-ICD11.html#ICD11-XM8L15">XM8L15</a>
                </td>
                <td>http://id.who.int/icd11/mms</td>
                <td>Measles, live attenuated</td>
              </tr>
              <tr>
                <td style="white-space:nowrap">
                  <a name="http---id.who.int-icd11-mms-XM9439"> </a>  
                  <a href="CodeSystem-ICD11.html#ICD11-XM9439">XM9439</a>
                </td>
                <td>http://id.who.int/icd11/mms</td>
                <td>Measles, combinations with mumps, live attenuated</td>
              </tr>
              <tr>
                <td style="white-space:nowrap">
                  <a name="http---id.who.int-icd11-mms-XM8TF3"> </a>  
                  <a href="CodeSystem-ICD11.html#ICD11-XM8TF3">XM8TF3</a>
                </td>
                <td>http://id.who.int/icd11/mms</td>
                <td>Measles, combinations with mumps and rubella, live attenuated</td>
              </tr>
              <tr>
                <td style="white-space:nowrap">
                  <a name="http---id.who.int-icd11-mms-XM21H2"> </a>  
                  <a href="CodeSystem-ICD11.html#ICD11-XM21H2">XM21H2</a>
                </td>
                <td>http://id.who.int/icd11/mms</td>
                <td>Measles, combinations with rubella, live attenuated</td>
              </tr>
              <tr>
                <td style="white-space:nowrap">
                  <a name="http---id.who.int-icd11-mms-XM4AJ8"> </a>  
                  <a href="CodeSystem-ICD11.html#ICD11-XM4AJ8">XM4AJ8</a>
                </td>
                <td>http://id.who.int/icd11/mms</td>
                <td>Measles, combinations with mumps, rubella and varicella, live attenuated</td>
              </tr>
              <tr>
                <td style="white-space:nowrap">
                  <a name="http---id.who.int-icd11-mms-XM28X5"> </a>  
                  <a href="CodeSystem-ICD11.html#ICD11-XM28X5">XM28X5</a>
                </td>
                <td>http://id.who.int/icd11/mms</td>
                <td>Measles vaccines</td>
              </tr>
              <tr>
                <td style="white-space:nowrap">
                  <a name="http---loinc.org-30940-1"> </a>  
                  <a href="https://loinc.org/30940-1/">30940-1</a>
                </td>
                <td>http://loinc.org</td>
                <td>Measles virus+Mumps virus+Rubella virus dose count in combination vaccine</td>
              </tr>
              <tr>
                <td style="white-space:nowrap">
                  <a name="http---snomed.info-sct-836382004"> </a>  
                  <a href="http://snomed.info/id/836382004">836382004</a>
                </td>
                <td>http://snomed.info/sct</td>
                <td>Measles morbillivirus antigen-containing vaccine product</td>
              </tr>
            </table>
          </div>
        </text>
        <url value="http://smart.who.int/ig/smart-immunizations-measles/ValueSet/VaccineTypes"/>
        <version value="0.1.0"/>
        <name value="VaccineTypes"/>
        <title value="Measles Vaccine Type ValueSet"/>
        <status value="active"/>
        <date value="2023-10-24T07:10:36+00:00"/>
        <expansion>
          <identifier value="urn:uuid:ec194595-1038-422f-9dc3-ddfb4d9ae75a"/>
          <timestamp value="2023-10-24T07:12:49+00:00"/>
          <total value="8"/>
          <parameter>
            <name value="excludeNested"/>
            <valueBoolean value="false"/>
          </parameter>
          <parameter>
            <name value="warning-draft"/>
            <valueUri value="http://id.who.int/icd11/mms|0.1.0"/>
          </parameter>
          <parameter>
            <name value="used-codesystem"/>
            <valueUri value="http://id.who.int/icd11/mms|0.1.0"/>
          </parameter>
          <parameter>
            <name value="used-valueset"/>
            <valueUri value="null"/>
          </parameter>
          <parameter>
            <name value="limitedExpansion"/>
            <valueBoolean value="true"/>
          </parameter>
          <parameter>
            <name value="excludeNested"/>
            <valueBoolean value="true"/>
          </parameter>
          <parameter>
            <name value="used-codesystem"/>
            <valueUri value="http://loinc.org|2.74"/>
          </parameter>
          <parameter>
            <name value="version"/>
            <valueUri value="http://loinc.org|2.74"/>
          </parameter>
          <parameter>
            <name value="used-codesystem"/>
            <valueUri value="http://snomed.info/sct|http://snomed.info/sct/900000000000207008/version/20230901"/>
          </parameter>
          <parameter>
            <name value="version"/>
            <valueUri value="http://snomed.info/sct|http://snomed.info/sct/900000000000207008/version/20230901"/>
          </parameter>
          <contains>
            <system value="http://id.who.int/icd11/mms"/>
            <code value="XM8L15"/>
            <display value="Measles, live attenuated"/>
          </contains>
          <contains>
            <system value="http://id.who.int/icd11/mms"/>
            <code value="XM9439"/>
            <display value="Measles, combinations with mumps, live attenuated"/>
          </contains>
          <contains>
            <system value="http://id.who.int/icd11/mms"/>
            <code value="XM8TF3"/>
            <display value="Measles, combinations with mumps and rubella, live attenuated"/>
          </contains>
          <contains>
            <system value="http://id.who.int/icd11/mms"/>
            <code value="XM21H2"/>
            <display value="Measles, combinations with rubella, live attenuated"/>
          </contains>
          <contains>
            <system value="http://id.who.int/icd11/mms"/>
            <code value="XM4AJ8"/>
            <display value="Measles, combinations with mumps, rubella and varicella, live attenuated"/>
          </contains>
          <contains>
            <system value="http://id.who.int/icd11/mms"/>
            <code value="XM28X5"/>
            <display value="Measles vaccines"/>
          </contains>
          <contains>
            <system value="http://loinc.org"/>
            <code value="30940-1"/>
            <display value="Measles virus+Mumps virus+Rubella virus dose count in combination vaccine"/>
          </contains>
          <contains>
            <system value="http://snomed.info/sct"/>
            <code value="836382004"/>
            <display value="Measles morbillivirus antigen-containing vaccine product"/>
          </contains>
        </expansion>
      </ValueSet>
    </resource>
  </entry>
</Bundle>