<?xml version="1.0" encoding="UTF-8"?>

<ActivityDefinition xmlns="http://hl7.org/fhir">
  <id value="IMMZD2DTMeaslesCIMR"/>
  <meta>
    <profile value="http://hl7.org/fhir/uv/cpg/StructureDefinition/cpg-immunizationactivity"/>
  </meta>
  <text>
    <status value="generated"/><div xmlns="http://www.w3.org/1999/xhtml"><p class="res-header-id"><b>Generated Narrative: ActivityDefinition IMMZD2DTMeaslesCIMR</b></p><a name="IMMZD2DTMeaslesCIMR"> </a><a name="hcIMMZD2DTMeaslesCIMR"> </a><a name="IMMZD2DTMeaslesCIMR-en-US"> </a><p><b>url</b>: <a href="ActivityDefinition-IMMZD2DTMeaslesCIMR.html">ActivityDefinition IMMZ.D2.DT.Measles.Contraindication</a></p><p><b>version</b>: 0.1.0</p><p><b>name</b>: IMMZD2DTMeaslesContraindication</p><p><b>title</b>: IMMZ.D2.DT.Measles.Contraindication</p><p><b>status</b>: Draft</p><p><b>experimental</b>: true</p><p><b>date</b>: 2023-10-03</p><p><b>publisher</b>: WHO</p><p><b>contact</b>: WHO: <a href="http://who.int">http://who.int</a></p><p><b>description</b>: </p><div><p>Provide measles immunization</p>
</div><p><b>library</b>: <a href="Library-IMMZD2DTMeaslesLogic.html">IMMZD2DTMeaslesLogic</a></p><p><b>kind</b>: MedicationRequest</p><p><b>profile</b>: <a href="https://build.fhir.org/ig/HL7/cqf-recommendations/StructureDefinition-cpg-immunizationrequest.html">CPG Immunization Request</a></p><p><b>intent</b>: Proposal</p><p><b>doNotPerform</b>: true</p><p><b>product</b>: <span title="Codes:{http://id.who.int/icd/release/11/mms XM28X5}">Measles vaccines</span></p><blockquote><p><b>dynamicValue</b></p><p><b>path</b>: id</p><h3>Expressions</h3><table class="grid"><tr><td style="display: none">-</td><td><b>Description</b></td><td><b>Language</b></td><td><b>Expression</b></td></tr><tr><td style="display: none">*</td><td>Draft Medication Request ID for MCV dose</td><td>text/cql-identifier</td><td>Draft Medication Request ID for MCV dose</td></tr></table></blockquote></div>
  </text>
  <extension url="http://hl7.org/fhir/StructureDefinition/cqf-knowledgeCapability">
    <valueCode value="computable"/>
  </extension>
  <url value="http://smart.who.int/immunizations-measles/ActivityDefinition/IMMZD2DTMeaslesCIMR"/>
  <version value="0.1.0"/>
  <name value="IMMZD2DTMeaslesContraindication"/>
  <title value="IMMZ.D2.DT.Measles.Contraindication"/>
  <status value="draft"/>
  <experimental value="true"/>
  <date value="2023-10-03"/>
  <publisher value="WHO"/>
  <contact>
    <name value="WHO"/>
    <telecom>
      <system value="url"/>
      <value value="http://who.int"/>
    </telecom>
  </contact>
  <description value="Provide measles immunization"/>
  <library value="http://smart.who.int/immunizations-measles/Library/IMMZD2DTMeaslesLogic"/>
  <kind value="MedicationRequest"/>
  <profile value="http://hl7.org/fhir/uv/cpg/StructureDefinition/cpg-immunizationrequest"/>
  <intent value="proposal"/>
  <doNotPerform value="true"/>
  <productCodeableConcept>
    <coding>
      <system value="http://id.who.int/icd/release/11/mms"/>
      <code value="XM28X5"/>
      <display value="Measles vaccines"/>
    </coding>
  </productCodeableConcept>
  <dynamicValue>
    <path value="id"/>
    <expression>
      <description value="Draft Medication Request ID for MCV dose"/>
      <language value="text/cql-identifier"/>
      <expression value="Draft Medication Request ID for MCV dose"/>
    </expression>
  </dynamicValue>
</ActivityDefinition>