<?xml version="1.0" encoding="UTF-8"?>

<Immunization xmlns="http://hl7.org/fhir">
  <id value="Immunization1"/>
  <meta>
    <profile value="http://smart.who.int/immunizations-measles/StructureDefinition/SGImmunization"/>
  </meta>
  <text>
    <status value="generated"/><div xmlns="http://www.w3.org/1999/xhtml"><p class="res-header-id"><b>Generated Narrative: Immunization Immunization1</b></p><a name="Immunization1"> </a><a name="hcImmunization1"> </a><a name="Immunization1-en-US"> </a><p><b>status</b>: Completed</p><p><b>vaccineCode</b>: <span title="Codes:{http://id.who.int/icd/release/11/mms XM28X5}">Measles vaccines</span></p><p><b>patient</b>: <a href="Patient-P123456.html">Test Patient Female, DoB: 2023-03-02 ( 123456)</a></p><p><b>occurrence</b>: 2023-08-05</p><p><b>lotNumber</b>: lot123</p><p><b>expirationDate</b>: 2023-10-01</p></div>
  </text>
  <extension url="http://smart.who.int/immunizations-measles/StructureDefinition/sg-ext-administeredProduct">
    <valueCodeableConcept>
      <coding>
        <system value="http://smart.who.int/immunizations-measles/CodeSystem/VaccineProducts"/>
        <code value="20009060/2"/>
      </coding>
    </valueCodeableConcept>
  </extension>
  <status value="completed"/>
  <vaccineCode>
    <coding>
      <system value="http://id.who.int/icd/release/11/mms"/>
      <code value="XM28X5"/>
    </coding>
  </vaccineCode>
  <patient>
    <reference value="Patient/P123456"/>
  </patient>
  <occurrenceDateTime value="2023-08-05"/>
  <lotNumber value="lot123"/>
  <expirationDate value="2023-10-01"/>
</Immunization>