<?xml version="1.0" encoding="UTF-8"?><StructureMap xmlns="http://hl7.org/fhir"><id value="IMMZD4LMToResources"/><text><status value="generated"/><div xmlns="http://www.w3.org/1999/xhtml"><pre class="fml">
<b>map</b><span style="color: navy"> &quot;</span>http://smart.who.int/ig/smart-immunizations-measles/StructureMap/IMMZD4LMToResources<span style="color: navy">&quot; = &quot;</span>IMMZD4LMToResources<span style="color: navy">&quot;

</span><b>uses</b><span style="color: navy"> &quot;</span><a href="StructureDefinition-IMMZD4CheckContraindicationsMeasles.html" title="IMMZ.D4 Check Contraindications for Measles">http://smart.who.int/ig/smart-immunizations-measles/StructureDefinition/IMMZD4CheckContraindicationsMeasles</a><span style="color: navy">&quot; </span><b>alias </b>IMMZD4 <b>as </b><b>source</b>
<b>uses</b><span style="color: navy"> &quot;</span><a href="http://hl7.org/fhir/R4/bundle.html" title="Bundle">http://hl7.org/fhir/StructureDefinition/Bundle</a><span style="color: navy">&quot; </span><b>alias </b>Bundle <b>as </b><b>target</b>

<b>group </b>IMMZD4ToBundle<span style="color: navy">(</span><b>source</b> <span style="color: maroon">immz</span><span style="color: navy"> : </span>IMMZD4, <b>target</b> <span style="color: maroon">bundle</span><span style="color: navy"> : </span>Bundle<span style="color: navy">)</span><span style="color: navy"> {
</span>  immz<span style="color: navy"><b> -&gt; </b></span>bundle.type = <span style="color: blue">'collection'</span> <i>&quot;SetCollection&quot;</i><span style="color: navy">;</span>
  immz.patient<b> as </b><span style="color: maroon">patient</span><b> then</b><span style="color: navy"> {
</span>    immz.contraindications<b> as </b><span style="color: maroon">ci</span><span style="color: navy"><b> -&gt; </b></span> bundle.entry<b> as </b><span style="color: maroon">entry</span><span style="color: navy">, </span> entry.resource = <b>create</b><span style="color: navy">(</span><span style="color: blue">'Condition'</span><span style="color: navy">)</span><b> as </b><span style="color: maroon">condition</span><b> then</b><span style="color: navy"> {
</span>      patient<span style="color: navy"><b> -&gt; </b></span>condition.subject = <span style="color: maroon">patient</span> <i>&quot;SetPatient&quot;</i><span style="color: navy">;</span>
      ci<span style="color: navy"><b> -&gt; </b></span>condition.clinicalStatus = <span style="color: blue">'active'</span> <i>&quot;SetStatus&quot;</i><span style="color: navy">;</span>
      ci<span style="color: navy"><b> -&gt; </b></span>condition.code<b> as </b><span style="color: maroon">code</span><b> then</b><span style="color: navy"> {
</span>        ci<span style="color: navy"><b> -&gt; </b></span>code.coding = <span style="color: maroon">ci</span> <i>&quot;SetCoding&quot;</i><span style="color: navy">;</span>
      <span style="color: navy">}</span> <i>&quot;SetCode&quot;</i><span style="color: navy">;</span>
    <span style="color: navy">}</span> <i>&quot;SetCondition&quot;</i><span style="color: navy">;</span>
  <span style="color: navy">}</span> <i>&quot;GetPatient&quot;</i><span style="color: navy">;</span>
<span style="color: navy">}

</span></pre></div></text><url value="http://smart.who.int/ig/smart-immunizations-measles/StructureMap/IMMZD4LMToResources"/><version value="0.1.0"/><name value="IMMZD4LMToResources"/><status value="draft"/><date value="2023-10-26T05:21:03+00:00"/><publisher value="WHO"/><contact><name value="WHO"/><telecom><system value="url"/><value value="http://who.int"/></telecom></contact><structure><url value="http://smart.who.int/ig/smart-immunizations-measles/StructureDefinition/IMMZD4CheckContraindicationsMeasles"/><mode value="source"/><alias value="IMMZD4"/></structure><structure><url value="http://hl7.org/fhir/StructureDefinition/Bundle"/><mode value="target"/><alias value="Bundle"/></structure><group><name value="IMMZD4ToBundle"/><typeMode value="none"/><input><name value="immz"/><type value="IMMZD4"/><mode value="source"/></input><input><name value="bundle"/><type value="Bundle"/><mode value="target"/></input><rule><name value="SetCollection"/><source><context value="immz"/></source><target><context value="bundle"/><contextType value="variable"/><element value="type"/><transform value="copy"/><parameter><valueString value="collection"/></parameter></target></rule><rule><name value="GetPatient"/><source><context value="immz"/><element value="patient"/><variable value="patient"/></source><rule><name value="SetCondition"/><source><context value="immz"/><element value="contraindications"/><variable value="ci"/></source><target><context value="bundle"/><contextType value="variable"/><element value="entry"/><variable value="entry"/></target><target><context value="entry"/><contextType value="variable"/><element value="resource"/><variable value="condition"/><transform value="create"/><parameter><valueString value="Condition"/></parameter></target><rule><name value="SetPatient"/><source><context value="patient"/></source><target><context value="condition"/><contextType value="variable"/><element value="subject"/><transform value="copy"/><parameter><valueId value="patient"/></parameter></target></rule><rule><name value="SetStatus"/><source><context value="ci"/></source><target><context value="condition"/><contextType value="variable"/><element value="clinicalStatus"/><transform value="copy"/><parameter><valueString value="active"/></parameter></target></rule><rule><name value="SetCode"/><source><context value="ci"/></source><target><context value="condition"/><contextType value="variable"/><element value="code"/><variable value="code"/></target><rule><name value="SetCoding"/><source><context value="ci"/></source><target><context value="code"/><contextType value="variable"/><element value="coding"/><transform value="copy"/><parameter><valueId value="ci"/></parameter></target></rule></rule></rule></rule></group></StructureMap>