<?xml version="1.0" encoding="UTF-8"?>

<ValueSet xmlns="http://hl7.org/fhir">
  <id value="IMMZ-D1.DE61"/>
  <text>
    <status value="extensions"/><div xmlns="http://www.w3.org/1999/xhtml"><ul><li>Include these codes as defined in <a href="CodeSystem-IMMZ-D1.html"><code>http://worldhealthorganization.github.io/smart-immunizations-measles/CodeSystem/IMMZ-D1</code></a><table class="none"><tr><td style="white-space:nowrap"><b>Code</b></td><td><b>Display</b></td><td><b>Definition</b></td></tr><tr><td><a href="CodeSystem-IMMZ-D1.html#IMMZ-D1-DE62">DE62</a></td><td>Typbar-TCV</td><td>Typbar-TCV vaccine</td></tr><tr><td><a href="CodeSystem-IMMZ-D1.html#IMMZ-D1-DE63">DE63</a></td><td>ViPS</td><td>Vi polysaccharide (ViPS) vaccine</td></tr><tr><td><a href="CodeSystem-IMMZ-D1.html#IMMZ-D1-DE64">DE64</a></td><td>Ty21a</td><td>Ty21a vaccine</td></tr></table></li></ul></div>
  </text>
  <url value="http://worldhealthorganization.github.io/smart-immunizations-measles/ValueSet/IMMZ-D1.DE61"/>
  <version value="0.1.0"/>
  <name value="IMMZ_D1_DE61"/>
  <title value="IMMZ-D1.DE61 ValueSet for Type of last typhoid dose"/>
  <status value="active"/>
  <experimental value="false"/>
  <date value="2023-09-30T16:32:09+00:00"/>
  <publisher value="WHO"/>
  <contact>
    <name value="WHO"/>
    <telecom>
      <system value="url"/>
      <value value="http://who.int"/>
    </telecom>
  </contact>
  <description value="ValueSet for Type of last typhoid dose for IMMZ-D1.DE61."/>
  <compose>
    <include>
      <system value="http://worldhealthorganization.github.io/smart-immunizations-measles/CodeSystem/IMMZ-D1"/>
      <concept>
        <code value="DE62"/>
        <display value="Typbar-TCV"/>
      </concept>
      <concept>
        <code value="DE63"/>
        <display value="ViPS"/>
      </concept>
      <concept>
        <code value="DE64"/>
        <display value="Ty21a"/>
      </concept>
    </include>
  </compose>
</ValueSet>