{
  "resourceType" : "ValueSet",
  "id" : "IMMZ-D1.DE65",
  "text" : {
    "status" : "extensions",
    "div" : "<div xmlns=\"http://www.w3.org/1999/xhtml\"><ul><li>Include these codes as defined in <a href=\"CodeSystem-IMMZ-D1.html\"><code>http://smart.who.int/ig/smart-immunizations-measles/CodeSystem/IMMZ-D1</code></a><table class=\"none\"><tr><td style=\"white-space:nowrap\"><b>Code</b></td><td><b>Display</b></td><td><b>Definition</b></td></tr><tr><td><a href=\"CodeSystem-IMMZ-D1.html#IMMZ-D1-DE66\">DE66</a></td><td>WC vaccine</td><td>Killed whole cell (WC) only cholera vaccine</td></tr><tr><td><a href=\"CodeSystem-IMMZ-D1.html#IMMZ-D1-DE67\">DE67</a></td><td>WC-rBS vaccine</td><td>Vaccine contains a mixture of the recombinant B subunit (rBS) of cholera toxin plus killed whole cell (WC)</td></tr></table></li></ul></div>"
  },
  "url" : "http://smart.who.int/ig/smart-immunizations-measles/ValueSet/IMMZ-D1.DE65",
  "version" : "0.1.0",
  "name" : "IMMZ_D1_DE65",
  "title" : "IMMZ-D1.DE65 ValueSet for Type of last cholera dose",
  "status" : "active",
  "experimental" : false,
  "date" : "2023-10-18T20:43:12+00:00",
  "publisher" : "WHO",
  "contact" : [{
    "name" : "WHO",
    "telecom" : [{
      "system" : "url",
      "value" : "http://who.int"
    }]
  }],
  "description" : "ValueSet for Type of last cholera dose for IMMZ-D1.DE65.",
  "compose" : {
    "include" : [{
      "system" : "http://smart.who.int/ig/smart-immunizations-measles/CodeSystem/IMMZ-D1",
      "concept" : [{
        "code" : "DE66",
        "display" : "WC vaccine"
      },
      {
        "code" : "DE67",
        "display" : "WC-rBS vaccine"
      }]
    }]
  }
}