{
  "resourceType" : "ValueSet",
  "id" : "VaccineTypes",
  "text" : {
    "status" : "generated",
    "div" : "<div xmlns=\"http://www.w3.org/1999/xhtml\"><ul><li>Include all codes defined in <a href=\"CodeSystem-ICD11.html\"><code>http://id.who.int/icd11/mms</code></a></li></ul></div>"
  },
  "url" : "http://smart.who.int/ig/smart-immunizations-measles/ValueSet/VaccineTypes",
  "version" : "0.1.0",
  "name" : "VaccineTypes",
  "title" : "Vaccine Type ValueSet",
  "status" : "draft",
  "date" : "2023-10-18T20:43:12+00:00",
  "publisher" : "WHO",
  "contact" : [{
    "name" : "WHO",
    "telecom" : [{
      "system" : "url",
      "value" : "http://who.int"
    }]
  }],
  "description" : "Vaccine type Codes, containing the different types of antigens used in vaccine guidelines.",
  "compose" : {
    "include" : [{
      "system" : "http://id.who.int/icd11/mms"
    }]
  }
}