<?xml version="1.0" encoding="UTF-8"?>

<ValueSet xmlns="http://hl7.org/fhir">
  <id value="IMMZ-D1.DE35"/>
  <text>
    <status value="extensions"/><div xmlns="http://www.w3.org/1999/xhtml"><ul><li>Include these codes as defined in <a href="CodeSystem-IMMZ-D1.html"><code>http://smart.who.int/ig/smart-immunizations-measles/CodeSystem/IMMZ-D1</code></a><table class="none"><tr><td style="white-space:nowrap"><b>Code</b></td><td><b>Display</b></td><td><b>Definition</b></td></tr><tr><td><a href="CodeSystem-IMMZ-D1.html#IMMZ-D1-DE36">DE36</a></td><td>IPV</td><td>Inactivated poliovirus vaccine (IPV)</td></tr><tr><td><a href="CodeSystem-IMMZ-D1.html#IMMZ-D1-DE37">DE37</a></td><td>bOPV</td><td>Bivalent oral poliovirus vaccine (bOPV)</td></tr></table></li></ul></div>
  </text>
  <url value="http://smart.who.int/ig/smart-immunizations-measles/ValueSet/IMMZ-D1.DE35"/>
  <version value="0.1.0"/>
  <name value="IMMZ_D1_DE35"/>
  <title value="IMMZ-D1.DE35 ValueSet for Type of polio dose"/>
  <status value="active"/>
  <experimental value="false"/>
  <date value="2023-10-18T20:43:12+00:00"/>
  <publisher value="WHO"/>
  <contact>
    <name value="WHO"/>
    <telecom>
      <system value="url"/>
      <value value="http://who.int"/>
    </telecom>
  </contact>
  <description value="ValueSet for Type of polio dose for IMMZ-D1.DE35."/>
  <compose>
    <include>
      <system value="http://smart.who.int/ig/smart-immunizations-measles/CodeSystem/IMMZ-D1"/>
      <concept>
        <code value="DE36"/>
        <display value="IPV"/>
      </concept>
      <concept>
        <code value="DE37"/>
        <display value="bOPV"/>
      </concept>
    </include>
  </compose>
</ValueSet>