{
  "resourceType" : "Patient",
  "id" : "P123456",
  "text" : {
    "status" : "generated",
    "div" : "<div xmlns=\"http://www.w3.org/1999/xhtml\"><p class=\"res-header-id\"><b>Generated Narrative: Patient P123456</b></p><a name=\"P123456\"> </a><a name=\"hcP123456\"> </a><a name=\"P123456-en-US\"> </a><p style=\"border: 1px #661aff solid; background-color: #e6e6ff; padding: 10px;\">Test Patient Female, DoB: 2023-03-02 ( 123456)</p><hr/></div>"
  },
  "identifier" : [{
    "value" : "123456"
  }],
  "name" : [{
    "text" : "Test Patient",
    "family" : "Patient",
    "given" : ["Test"]
  }],
  "gender" : "female",
  "birthDate" : "2023-03-02"
}