{"resourceType":"Basic","id":"EPIManager","meta":{"profile":["http://smart.who.int/smart-base/StructureDefinition/SGPersona"]},"text":{"status":"generated","div":"<div xmlns=\"http://www.w3.org/1999/xhtml\"><table class=\"grid\"><tr><td><b>Actor: EPIManager</b></td><td>Expanded Programme on Immunization (EPI) Manager</td><td>Type: person</td></tr><tr><td colspan=\"3\"/></tr></table></div>"},"extension":[{"url":"http://hl7.org/fhir/5.0/StructureDefinition/extension-ActorDefinition.url","valueUri":"http://smart.who.int/immunizations-measles/ActorDefinition/EPIManager"},{"url":"http://hl7.org/fhir/5.0/StructureDefinition/extension-ActorDefinition.version","valueString":"0.1.0"},{"url":"http://hl7.org/fhir/5.0/StructureDefinition/extension-ActorDefinition.name","valueString":"EPIManager"},{"url":"http://hl7.org/fhir/5.0/StructureDefinition/extension-ActorDefinition.title","valueString":"Expanded Programme on Immunization (EPI) Manager"},{"url":"http://hl7.org/fhir/5.0/StructureDefinition/extension-ActorDefinition.status","valueCode":"draft"},{"url":"http://hl7.org/fhir/5.0/StructureDefinition/extension-ActorDefinition.experimental","valueBoolean":false},{"url":"http://hl7.org/fhir/5.0/StructureDefinition/extension-ActorDefinition.date","valueDateTime":"2024-01-26T13:33:24+00:00"},{"url":"http://hl7.org/fhir/5.0/StructureDefinition/extension-ActorDefinition.publisher","valueString":"WHO"},{"url":"http://hl7.org/fhir/5.0/StructureDefinition/extension-ActorDefinition.contact","valueContactDetail":{"name":"WHO","telecom":[{"system":"url","value":"http://who.int"}]}},{"url":"http://hl7.org/fhir/5.0/StructureDefinition/extension-ActorDefinition.description","valueMarkdown":"Responsible for: developing annual and multi-annual plans; immunization communication and mobilization; management of logistics, the cold chain, and vaccines; monitoring, supervision and evaluation of immunization services; and coordination of EPI activities at the national and subnational levels."},{"url":"http://hl7.org/fhir/5.0/StructureDefinition/extension-ActorDefinition.type","valueCode":"person"}],"identifier":[{"value":"EPIM"}],"code":{"coding":[{"system":"http://hl7.org/fhir/fhir-types","code":"ActorDefinition"}]}}