<?xml version="1.0" encoding="UTF-8"?>

<ValueSet xmlns="http://hl7.org/fhir">
  <id value="IMMZ.Z.DE9"/>
  <text>
    <status value="generated"/><div xmlns="http://www.w3.org/1999/xhtml"><p>This value set includes codes based on the following rules:</p><ul><li>Include these codes as defined in <a href="CodeSystem-ICD11.html"><code>http://hl7.org/fhir/sid/icd-11/mms</code></a><table class="none"><tr><td style="white-space:nowrap"><b>Code</b></td><td><b>Display</b></td></tr><tr><td><a href="CodeSystem-ICD11.html#ICD11-XM28X5">XM28X5</a></td><td>Measles vaccines</td></tr><tr><td><a href="CodeSystem-ICD11.html#ICD11-XM8L15">XM8L15</a></td><td>Measles, live attenuated</td></tr><tr><td><a href="CodeSystem-ICD11.html#ICD11-XM8TF3">XM8TF3</a></td><td>Measles, combinations with mumps and rubella, live attenuated</td></tr><tr><td><a href="CodeSystem-ICD11.html#ICD11-XM21H2">XM21H2</a></td><td>Measles, combinations with rubella, live attenuated</td></tr><tr><td><a href="CodeSystem-ICD11.html#ICD11-XM4AJ8">XM4AJ8</a></td><td>Measles, combinations with mumps, rubella and varicella, live attenuated</td></tr><tr><td><a href="CodeSystem-ICD11.html#ICD11-XM9439">XM9439</a></td><td>Measles, combinations with mumps, live attenuated</td></tr></table></li><li>Include these codes as defined in <a href="http://loinc.org"><code>http://loinc.org</code></a><table class="none"><tr><td style="white-space:nowrap"><b>Code</b></td><td><b>Display</b></td></tr><tr><td><a href="https://loinc.org/30940-1/">30940-1</a></td><td>Measles virus+Mumps virus+Rubella virus dose count in combination vaccine</td></tr></table></li><li>Include these codes as defined in <a href="http://www.snomed.org/"><code>http://snomed.info/sct</code></a><table class="none"><tr><td style="white-space:nowrap"><b>Code</b></td><td><b>Display</b></td></tr><tr><td><a href="http://snomed.info/id/836382004">836382004</a></td><td>Measles morbillivirus antigen-containing vaccine product</td></tr></table></li></ul></div>
  </text>
  <url value="http://smart.who.int/ig/smart-immunizations-measles/ValueSet/IMMZ.Z.DE9"/>
  <version value="0.1.0"/>
  <name value="IMMZ_Z_DE9"/>
  <title value="IMMZ.Z.DE10 ValueSet for Measles Vaccines"/>
  <status value="active"/>
  <date value="2023-10-25T11:59:18+00:00"/>
  <publisher value="WHO"/>
  <contact>
    <name value="WHO"/>
    <telecom>
      <system value="url"/>
      <value value="http://who.int"/>
    </telecom>
  </contact>
  <description value="ValueSet for Measles Vaccines for IMMZ.Z.DE9."/>
  <compose>
    <include>
      <system value="http://hl7.org/fhir/sid/icd-11/mms"/>
      <concept>
        <code value="XM28X5"/>
        <display value="Measles vaccines"/>
      </concept>
      <concept>
        <code value="XM8L15"/>
        <display value="Measles, live attenuated"/>
      </concept>
      <concept>
        <code value="XM8TF3"/>
        <display value="Measles, combinations with mumps and rubella, live attenuated"/>
      </concept>
      <concept>
        <code value="XM21H2"/>
        <display value="Measles, combinations with rubella, live attenuated"/>
      </concept>
      <concept>
        <code value="XM4AJ8"/>
        <display value="Measles, combinations with mumps, rubella and varicella, live attenuated"/>
      </concept>
      <concept>
        <code value="XM9439"/>
        <display value="Measles, combinations with mumps, live attenuated"/>
      </concept>
    </include>
    <include>
      <system value="http://loinc.org"/>
      <concept>
        <code value="30940-1"/>
        <display value="Measles virus+Mumps virus+Rubella virus dose count in combination vaccine"/>
      </concept>
    </include>
    <include>
      <system value="http://snomed.info/sct"/>
      <concept>
        <code value="836382004"/>
        <display value="Measles morbillivirus antigen-containing vaccine product"/>
      </concept>
    </include>
  </compose>
</ValueSet>